amino acid	A.28	AY.43	AY.61	AY.9.2	AY.94	B.1	B.1.1	B.1.1.7	B.1.617.2	B.1.621	P.1	P.1.12	P.1.14	P.1.15	Q.4
A1306S	NA	ORF1a	NA	NA	ORF1a	NA	NA	NA	NA	NA	NA	NA	NA	NA	NA
A1708D	NA	NA	NA	NA	NA	NA	NA	ORF1a	NA	NA	NA	NA	NA	NA	ORF1a
A1918V	NA	ORF1b	NA	NA	ORF1b	NA	NA	NA	NA	NA	NA	NA	NA	NA	NA
A222V	NA	NA	S	S	NA	NA	NA	NA	NA	NA	NA	NA	NA	NA	NA
A2320V	NA	NA	NA	NA	NA	NA	NA	NA	NA	NA	NA	NA	NA	NA	ORF1a
A3209V	NA	NA	ORF1a	ORF1a	NA	NA	NA	NA	NA	NA	NA	NA	NA	NA	NA
A3529T	ORF1a	NA	NA	NA	NA	NA	NA	NA	NA	NA	NA	NA	NA	NA	NA
A35V	N	NA	NA	NA	NA	NA	NA	NA	NA	NA	NA	NA	NA	NA	NA
A570D	NA	NA	NA	NA	NA	NA	NA	S	NA	NA	NA	NA	NA	NA	S
A975V	ORF1b	NA	NA	NA	NA	NA	NA	NA	NA	NA	NA	NA	NA	NA	NA
D1118H	NA	NA	NA	NA	NA	NA	NA	S	NA	NA	NA	NA	NA	NA	S
D1183Y	ORF1b	NA	NA	NA	NA	NA	NA	NA	NA	NA	NA	NA	NA	NA	NA
D138Y	NA	NA	NA	NA	NA	NA	NA	NA	NA	NA	S	S	S	S	NA
D377Y	NA	N	N	N	N	NA	NA	NA	N	NA	NA	NA	NA	NA	NA
D3L	NA	NA	NA	NA	NA	NA	NA	N	NA	NA	NA	NA	NA	NA	N
D614G	NA	S	S	S	S	S	S	S	S	S	S	S	S	S	S
D63G	NA	N	N	N	N	NA	NA	NA	N	NA	NA	NA	NA	NA	NA
D950N	NA	S	S	S	S	NA	NA	NA	S	S	NA	NA	NA	NA	NA
del119/120	NA	ORF8	ORF8	ORF8	ORF8	NA	NA	NA	ORF8	NA	NA	NA	NA	NA	NA
del144/144	NA	NA	NA	NA	NA	NA	NA	S	NA	NA	NA	NA	NA	NA	S
del157/158	NA	S	S	S	S	NA	NA	NA	S	NA	NA	NA	NA	NA	NA
del256/257	NA	NA	NA	NA	NA	NA	NA	NA	NA	ORF3a	NA	NA	NA	NA	NA
del3675/3677	NA	NA	NA	NA	NA	NA	NA	ORF1a	NA	NA	ORF1a	ORF1a	ORF1a	ORF1a	ORF1a
del69/70	S	NA	NA	NA	NA	NA	NA	S	NA	NA	NA	NA	NA	NA	S
E1264D	NA	NA	NA	NA	NA	NA	NA	NA	NA	NA	ORF1b	ORF1b	ORF1b	ORF1b	NA
E156G	NA	S	S	S	S	NA	NA	NA	S	NA	NA	NA	NA	NA	NA
E484K	NA	NA	NA	NA	NA	NA	NA	NA	NA	S	S	NA	S	S	NA
E92K	NA	NA	NA	NA	NA	NA	NA	NA	NA	NA	ORF8	ORF8	ORF8	ORF8	NA
G204R	NA	NA	NA	NA	NA	NA	N	N	NA	NA	N	NA	N	N	N
G215C	NA	N	NA	NA	N	NA	NA	NA	NA	NA	NA	NA	NA	NA	NA
G662S	NA	ORF1b	ORF1b	ORF1b	ORF1b	NA	NA	NA	ORF1b	NA	NA	NA	NA	NA	NA
H655Y	S	NA	NA	NA	NA	NA	NA	NA	NA	NA	S	S	S	S	NA
I2230T	NA	NA	NA	NA	NA	NA	NA	ORF1a	NA	NA	NA	NA	NA	NA	ORF1a
I47T	NA	NA	ORF3a	NA	NA	NA	NA	NA	NA	NA	NA	NA	NA	NA	NA
I82T	NA	M	M	M	M	NA	NA	NA	M	NA	NA	NA	NA	NA	NA
K1383R	NA	NA	NA	NA	NA	NA	NA	NA	NA	NA	NA	NA	NA	NA	ORF1b
K1795Q	NA	NA	NA	NA	NA	NA	NA	NA	NA	NA	ORF1a	ORF1a	ORF1a	ORF1a	NA
K417T	NA	NA	NA	NA	NA	NA	NA	NA	NA	NA	S	S	S	S	NA
L18F	NA	NA	NA	NA	NA	NA	NA	NA	NA	NA	S	S	S	S	NA
L452R	NA	S	S	S	S	NA	NA	NA	S	NA	NA	NA	NA	NA	NA
L829I	NA	ORF1b	NA	NA	NA	NA	NA	NA	NA	NA	NA	NA	NA	NA	NA
N501T	S	NA	NA	NA	NA	NA	NA	NA	NA	NA	NA	NA	NA	NA	NA
N501Y	NA	NA	NA	NA	NA	NA	NA	S	NA	S	S	S	S	S	S
P1000L	NA	ORF1b	ORF1b	ORF1b	ORF1b	NA	NA	NA	ORF1b	NA	NA	NA	NA	NA	NA
P1342S	NA	NA	NA	NA	NA	NA	NA	NA	NA	ORF1b	NA	NA	NA	NA	NA
P1640L	NA	NA	ORF1a	ORF1a	NA	NA	NA	NA	NA	NA	NA	NA	NA	NA	NA
P2046L	NA	ORF1a	NA	NA	ORF1a	NA	NA	NA	NA	NA	NA	NA	NA	NA	NA
P2287S	NA	ORF1a	NA	NA	ORF1a	NA	NA	NA	NA	NA	NA	NA	NA	NA	NA
P26S	NA	NA	NA	NA	NA	NA	NA	NA	NA	NA	S	S	S	S	NA
P314L	NA	ORF1b	ORF1b	ORF1b	ORF1b	ORF1b	ORF1b	ORF1b	ORF1b	ORF1b	ORF1b	ORF1b	ORF1b	ORF1b	ORF1b
P38S	NA	NA	NA	NA	NA	NA	NA	NA	NA	ORF8	NA	NA	NA	NA	NA
P681H	NA	NA	NA	NA	NA	NA	NA	S	NA	S	NA	NA	NA	NA	NA
P681R	NA	S	S	S	S	NA	NA	NA	S	NA	NA	NA	NA	NA	S
P80R	NA	NA	NA	NA	NA	NA	NA	NA	NA	NA	N	N	N	N	NA
Q2034H	NA	NA	NA	NA	ORF1a	NA	NA	NA	NA	NA	NA	NA	NA	NA	NA
Q27*	NA	NA	NA	NA	NA	NA	NA	ORF8	NA	NA	NA	NA	NA	NA	ORF8
Q3729R	NA	NA	NA	NA	NA	NA	NA	NA	NA	ORF1a	NA	NA	NA	NA	NA
Q3966R	NA	NA	NA	NA	NA	NA	NA	NA	NA	NA	NA	NA	NA	NA	ORF1a
Q57H	NA	NA	NA	NA	NA	NA	NA	NA	NA	ORF3a	NA	NA	NA	NA	NA
Q9L	NA	N	NA	NA	NA	NA	NA	NA	NA	NA	NA	NA	NA	NA	NA
R188Q	NA	NA	NA	ORF1b	NA	NA	NA	NA	NA	NA	NA	NA	NA	NA	NA
R190S	NA	NA	NA	NA	NA	NA	NA	NA	NA	NA	S	S	S	S	NA
R203K	NA	NA	NA	NA	NA	NA	N	N	NA	NA	N	NA	N	N	N
R203M	NA	N	N	N	N	NA	NA	NA	N	NA	NA	NA	NA	NA	NA
R24C	NA	NA	NA	NA	NA	NA	NA	NA	NA	NA	NA	NA	NA	NA	ORF1a
R346K	NA	NA	NA	NA	NA	NA	NA	NA	NA	S	NA	NA	NA	NA	NA
R52I	NA	NA	NA	NA	NA	NA	NA	ORF8	NA	NA	NA	NA	NA	NA	ORF8
S1188L	NA	NA	NA	NA	NA	NA	NA	NA	NA	NA	ORF1a	ORF1a	ORF1a	ORF1a	NA
S171L	ORF3a	NA	NA	NA	NA	NA	NA	NA	NA	NA	NA	NA	NA	NA	NA
S202N	N	NA	NA	NA	NA	NA	NA	NA	NA	NA	NA	NA	NA	NA	NA
S235F	NA	NA	NA	NA	NA	NA	NA	N	NA	NA	NA	NA	NA	NA	N
S253P	NA	NA	NA	NA	NA	NA	NA	NA	NA	NA	ORF3a	ORF3a	ORF3a	ORF3a	NA
S26L	NA	ORF3a	ORF3a	ORF3a	ORF3a	NA	NA	NA	ORF3a	NA	NA	NA	NA	NA	NA
S2947N	NA	NA	NA	NA	NA	NA	NA	NA	NA	NA	NA	NA	ORF1a	NA	NA
S67F	NA	NA	NA	NA	NA	NA	NA	NA	NA	ORF8	NA	NA	NA	NA	NA
S84L	NA	ORF8	ORF8	ORF8	ORF8	ORF8	ORF8	ORF8	ORF8	ORF8	ORF8	ORF8	ORF8	ORF8	ORF8
S982A	NA	NA	NA	NA	NA	NA	NA	S	NA	NA	NA	NA	NA	NA	S
T1001I	NA	NA	NA	NA	NA	NA	NA	ORF1a	NA	NA	NA	NA	NA	NA	ORF1a
T1027I	NA	NA	NA	NA	NA	NA	NA	NA	NA	NA	S	S	S	S	NA
T1055A	NA	NA	NA	NA	NA	NA	NA	NA	NA	ORF1a	NA	NA	NA	NA	NA
T11K	NA	NA	NA	NA	NA	NA	NA	NA	NA	ORF8	NA	NA	NA	NA	NA
T120I	NA	ORF7a	ORF7a	ORF7a	ORF7a	NA	NA	NA	ORF7a	NA	NA	NA	NA	NA	NA
T1538I	NA	NA	NA	NA	NA	NA	NA	NA	NA	ORF1a	NA	NA	NA	NA	NA
T1540I	NA	NA	NA	ORF1b	NA	NA	NA	NA	NA	NA	NA	NA	NA	NA	NA
T1567A	NA	NA	NA	NA	NA	NA	NA	NA	NA	NA	NA	NA	NA	NA	ORF1a
T19R	NA	S	S	S	S	NA	NA	NA	S	NA	NA	NA	NA	NA	NA
T205I	NA	NA	NA	NA	NA	NA	NA	NA	NA	N	NA	NA	NA	NA	NA
T20N	NA	NA	NA	NA	NA	NA	NA	NA	NA	NA	S	S	S	S	NA
T3255I	NA	ORF1a	NA	NA	ORF1a	NA	NA	NA	NA	ORF1a	NA	NA	NA	NA	NA
T3646A	NA	ORF1a	NA	NA	ORF1a	NA	NA	NA	NA	NA	NA	NA	NA	NA	NA
T3750I	NA	NA	ORF1a	ORF1a	NA	NA	NA	NA	NA	NA	NA	NA	NA	NA	NA
T40I	NA	ORF7b	NA	NA	ORF7b	NA	NA	NA	NA	NA	NA	NA	NA	NA	NA
T478K	NA	S	S	S	S	NA	NA	NA	S	NA	NA	NA	NA	NA	NA
T716I	NA	NA	NA	NA	NA	NA	NA	S	NA	NA	NA	NA	NA	NA	S
T95I	NA	NA	NA	NA	NA	NA	NA	NA	NA	S	NA	NA	NA	NA	NA
V1170F	NA	NA	NA	NA	ORF1b	NA	NA	NA	NA	NA	NA	NA	NA	NA	NA
V1176F	NA	NA	NA	NA	NA	NA	NA	NA	NA	NA	S	S	S	S	NA
V2930L	NA	ORF1a	NA	NA	ORF1a	NA	NA	NA	NA	NA	NA	NA	NA	NA	NA
V3718A	NA	NA	ORF1a	ORF1a	NA	NA	NA	NA	NA	NA	NA	NA	NA	NA	NA
V82A	NA	ORF7a	ORF7a	ORF7a	ORF7a	NA	NA	NA	ORF7a	NA	NA	NA	NA	NA	NA
V86F	ORF1a	NA	NA	NA	NA	NA	NA	NA	NA	NA	NA	NA	NA	NA	NA
Y145N	NA	NA	NA	NA	NA	NA	NA	NA	NA	S	NA	NA	NA	NA	NA
Y73C	NA	NA	NA	NA	NA	NA	NA	ORF8	NA	NA	NA	NA	NA	NA	ORF8
