amino acid	B.1.1.7	Q.4	B.1.1
T1001I	ORF1a	ORF1a	None
A1708D	ORF1a	ORF1a	None
I2230T	ORF1a	ORF1a	None
del3675/3677	ORF1a	ORF1a	None
P314L	ORF1b	ORF1b	ORF1b
del69/70	S	S	None
del144/144	S	S	None
N501Y	S	S	None
A570D	S	S	None
D614G	S	S	S
P681H	S	None	None
T716I	S	S	None
S982A	S	S	None
D1118H	S	S	None
Q27*	ORF8	ORF8	None
R52I	ORF8	ORF8	None
Y73C	ORF8	ORF8	None
S84L	ORF8	ORF8	ORF8
D3L	N	N	None
R203K	N	N	N
G204R	N	N	N
S235F	N	N	None
R24C	None	ORF1a	None
T1567A	None	ORF1a	None
A2320V	None	ORF1a	None
Q3966R	None	ORF1a	None
K1383R	None	ORF1b	None
P681R	None	S	None
