id	Ct	tipo	plataforma
sample_1	17.81	PCR	Illumina
sample_1	NA	N	Illumina
sample_1	NA	ORF	Illumina
sample_1	NA	S	Illumina
sample_1	16.03	PCR	Illumina
sample_1	NA	N	Illumina
sample_1	NA	ORF	Illumina
sample_1	NA	S	Illumina
sample_1	19.59	PCR	Illumina
sample_1	NA	N	Illumina
sample_1	NA	ORF	Illumina
sample_1	NA	S	Illumina
sample_1	16.99	PCR	Illumina
sample_1	NA	N	Illumina
sample_1	NA	ORF	Illumina
sample_1	NA	S	Illumina
sample_1	18.72	PCR	Illumina
sample_1	NA	N	Illumina
sample_1	NA	ORF	Illumina
sample_1	NA	S	Illumina
sample_1	22.63	PCR	Illumina
sample_1	NA	N	Illumina
sample_1	NA	ORF	Illumina
sample_1	NA	S	Illumina
sample_1	21.63	PCR	Illumina
sample_1	NA	N	Illumina
sample_1	NA	ORF	Illumina
sample_1	NA	S	Illumina
sample_1	16.56	PCR	Illumina
sample_1	NA	N	Illumina
sample_1	NA	ORF	Illumina
sample_1	NA	S	Illumina
sample_1	19.35	PCR	Illumina
sample_1	NA	N	Illumina
sample_1	NA	ORF	Illumina
sample_1	NA	S	Illumina
sample_1	20.78	PCR	Illumina
sample_1	NA	N	Illumina
sample_1	NA	ORF	Illumina
sample_1	NA	S	Illumina
sample_1	NA	PCR	Ion Torrent
sample_2	16	N	Ion Torrent
sample_2	19	ORF	Ion Torrent
sample_2	19	S	Ion Torrent
sample_2	NA	PCR	Ion Torrent
sample_2	15	N	Ion Torrent
sample_2	18	ORF	Ion Torrent
sample_2	18	S	Ion Torrent
sample_2	NA	PCR	Ion Torrent
sample_2	18	N	Ion Torrent
sample_2	20	ORF	Ion Torrent
sample_2	19	S	Ion Torrent
sample_2	NA	PCR	Ion Torrent
sample_2	18	N	Ion Torrent
sample_2	20	ORF	Ion Torrent
sample_2	21	S	Ion Torrent
sample_2	NA	PCR	Ion Torrent
sample_2	18	N	Ion Torrent
sample_2	21	ORF	Ion Torrent
sample_2	22	S	Ion Torrent
sample_2	NA	PCR	Ion Torrent
sample_2	23	N	Ion Torrent
sample_2	26	ORF	Ion Torrent
sample_2	NA	S	Ion Torrent
sample_2	NA	PCR	Ion Torrent
sample_2	23	N	Ion Torrent
sample_2	26	ORF	Ion Torrent
sample_2	36	S	Ion Torrent
sample_2	NA	PCR	Ion Torrent
sample_2	16	N	Ion Torrent
sample_2	19	ORF	Ion Torrent
sample_2	NA	S	Ion Torrent
sample_2	NA	PCR	Ion Torrent
sample_2	14	N	Ion Torrent
sample_2	17	ORF	Ion Torrent
sample_2	NA	S	Ion Torrent
sample_2	NA	PCR	Ion Torrent
sample_2	17	N	Ion Torrent
sample_2	21	ORF	Ion Torrent
sample_2	35	S	Ion Torrent
sample_2	22	PCR	Illumina
sample_2	NA	N	Illumina
sample_3	NA	ORF	Illumina
sample_3	NA	S	Illumina
sample_3	20	PCR	Illumina
sample_3	NA	N	Illumina
sample_3	NA	ORF	Illumina
sample_3	NA	S	Illumina
sample_3	24	PCR	Illumina
sample_3	NA	N	Illumina
sample_3	NA	ORF	Illumina
sample_3	NA	S	Illumina
sample_3	21	PCR	Illumina
sample_3	NA	N	Illumina
sample_3	NA	ORF	Illumina
sample_3	NA	S	Illumina
sample_3	23	PCR	Illumina
sample_3	NA	N	Illumina
sample_3	NA	ORF	Illumina
sample_3	NA	S	Illumina
sample_3	26	PCR	Illumina
sample_3	NA	N	Illumina
sample_3	NA	ORF	Illumina
sample_3	NA	S	Illumina
sample_3	30	PCR	Illumina
sample_3	NA	N	Illumina
sample_3	NA	ORF	Illumina
sample_3	NA	S	Illumina
sample_3	20	PCR	Illumina
sample_3	NA	N	Illumina
sample_3	NA	ORF	Illumina
sample_3	NA	S	Illumina
sample_3	24	PCR	Illumina
sample_3	NA	N	Illumina
sample_3	NA	ORF	Illumina
sample_3	NA	S	Illumina
sample_3	24	PCR	Illumina
sample_3	NA	N	Illumina
sample_3	NA	ORF	Illumina
sample_3	NA	S	Illumina
sample_3	24.8	PCR	Ion Torrent
sample_3	NA	N	Ion Torrent
sample_3	NA	ORF	Ion Torrent
sample_4	NA	S	Ion Torrent
sample_4	23.4	PCR	Ion Torrent
sample_4	NA	N	Ion Torrent
sample_4	NA	ORF	Ion Torrent
sample_4	NA	S	Ion Torrent
sample_4	25	PCR	Ion Torrent
sample_4	NA	N	Ion Torrent
sample_4	NA	ORF	Ion Torrent
sample_4	NA	S	Ion Torrent
sample_4	26	PCR	Ion Torrent
sample_4	NA	N	Ion Torrent
sample_4	NA	ORF	Ion Torrent
sample_4	NA	S	Ion Torrent
sample_4	22.9	PCR	Ion Torrent
sample_4	NA	N	Ion Torrent
sample_4	NA	ORF	Ion Torrent
sample_4	NA	S	Ion Torrent
sample_4	30.1	PCR	Ion Torrent
sample_4	NA	N	Ion Torrent
sample_4	NA	ORF	Ion Torrent
sample_4	NA	S	Ion Torrent
sample_4	30.2	PCR	Ion Torrent
sample_4	NA	N	Ion Torrent
sample_4	NA	ORF	Ion Torrent
sample_4	NA	S	Ion Torrent
sample_4	18	PCR	Ion Torrent
sample_4	NA	N	Ion Torrent
sample_4	NA	ORF	Ion Torrent
sample_4	NA	S	Ion Torrent
sample_4	24.4	PCR	Ion Torrent
sample_4	NA	N	Ion Torrent
sample_4	NA	ORF	Ion Torrent
sample_4	NA	S	Ion Torrent
sample_4	22.6	PCR	Ion Torrent
sample_4	NA	N	Ion Torrent
sample_4	NA	ORF	Ion Torrent
sample_4	NA	S	Ion Torrent
sample_4	24.83	PCR	Ion Torrent
sample_4	NA	N	Ion Torrent
sample_4	NA	ORF	Ion Torrent
sample_4	NA	S	Ion Torrent
sample_5	24.5	PCR	Ion Torrent
sample_5	NA	N	Ion Torrent
sample_5	NA	ORF	Ion Torrent
sample_5	NA	S	Ion Torrent
sample_5	27.05	PCR	Ion Torrent
sample_5	NA	N	Ion Torrent
sample_5	NA	ORF	Ion Torrent
sample_5	NA	S	Ion Torrent
sample_5	30	PCR	Ion Torrent
sample_5	NA	N	Ion Torrent
sample_5	NA	ORF	Ion Torrent
sample_5	NA	S	Ion Torrent
sample_5	27.56	PCR	Ion Torrent
sample_5	NA	N	Ion Torrent
sample_5	NA	ORF	Ion Torrent
sample_5	NA	S	Ion Torrent
sample_5	24.45	PCR	Ion Torrent
sample_5	NA	N	Ion Torrent
sample_5	NA	ORF	Ion Torrent
sample_5	NA	S	Ion Torrent
sample_5	36.03	PCR	Ion Torrent
sample_5	NA	N	Ion Torrent
sample_5	NA	ORF	Ion Torrent
sample_5	NA	S	Ion Torrent
sample_5	23.48	PCR	Ion Torrent
sample_5	NA	N	Ion Torrent
sample_5	NA	ORF	Ion Torrent
sample_5	NA	S	Ion Torrent
sample_5	25	PCR	Ion Torrent
sample_5	NA	N	Ion Torrent
sample_5	NA	ORF	Ion Torrent
sample_5	NA	S	Ion Torrent
sample_5	29.86	PCR	Ion Torrent
sample_5	NA	N	Ion Torrent
sample_5	NA	ORF	Ion Torrent
sample_5	NA	S	Ion Torrent
sample_5	NA	PCR	Nanopore
sample_5	17.9	N	Nanopore
sample_5	NA	ORF	Nanopore
sample_5	NA	S	Nanopore
sample_5	NA	PCR	Nanopore
sample_6	17.3	N	Nanopore
sample_6	NA	ORF	Nanopore
sample_6	NA	S	Nanopore
sample_6	NA	PCR	Nanopore
sample_6	21.1	N	Nanopore
sample_6	NA	ORF	Nanopore
sample_6	NA	S	Nanopore
sample_6	NA	PCR	Nanopore
sample_6	18.9	N	Nanopore
sample_6	NA	ORF	Nanopore
sample_6	NA	S	Nanopore
sample_6	NA	PCR	Nanopore
sample_6	19.8	N	Nanopore
sample_6	NA	ORF	Nanopore
sample_6	NA	S	Nanopore
sample_6	NA	PCR	Nanopore
sample_6	22.1	N	Nanopore
sample_6	NA	ORF	Nanopore
sample_6	NA	S	Nanopore
sample_6	NA	PCR	Nanopore
sample_6	25.5	N	Nanopore
sample_6	NA	ORF	Nanopore
sample_6	NA	S	Nanopore
sample_6	NA	PCR	Nanopore
sample_6	17.4	N	Nanopore
sample_6	NA	ORF	Nanopore
sample_6	NA	S	Nanopore
sample_6	NA	PCR	Nanopore
sample_6	19.8	N	Nanopore
sample_6	NA	ORF	Nanopore
sample_6	NA	S	Nanopore
sample_6	NA	PCR	Nanopore
sample_6	22.9	N	Nanopore
sample_6	NA	ORF	Nanopore
sample_6	NA	S	Nanopore
sample_6	NA	PCR	Illumina
sample_6	NA	N	Illumina
sample_6	NA	ORF	Illumina
sample_6	NA	S	Illumina
sample_6	NA	PCR	Illumina
sample_6	NA	N	Illumina
sample_7	NA	ORF	Illumina
sample_7	NA	S	Illumina
sample_7	NA	PCR	Illumina
sample_7	NA	N	Illumina
sample_7	NA	ORF	Illumina
sample_7	NA	S	Illumina
sample_7	NA	PCR	Illumina
sample_7	NA	N	Illumina
sample_7	NA	ORF	Illumina
sample_7	NA	S	Illumina
sample_7	NA	PCR	Illumina
sample_7	NA	N	Illumina
sample_7	NA	ORF	Illumina
sample_7	NA	S	Illumina
sample_7	NA	PCR	Illumina
sample_7	NA	N	Illumina
sample_7	NA	ORF	Illumina
sample_7	NA	S	Illumina
sample_7	NA	PCR	Illumina
sample_7	NA	N	Illumina
sample_7	NA	ORF	Illumina
sample_7	NA	S	Illumina
sample_7	NA	PCR	Illumina
sample_7	NA	N	Illumina
sample_7	NA	ORF	Illumina
sample_7	NA	S	Illumina
sample_7	NA	PCR	Illumina
sample_7	NA	N	Illumina
sample_7	NA	ORF	Illumina
sample_7	NA	S	Illumina
sample_7	NA	PCR	Illumina
sample_7	NA	N	Illumina
sample_7	NA	ORF	Illumina
sample_7	NA	S	Illumina
sample_7	17.11	PCR	Illumina
sample_7	NA	N	Illumina
sample_7	NA	ORF	Illumina
sample_7	NA	S	Illumina
sample_7	18.4	PCR	Illumina
sample_7	NA	N	Illumina
sample_7	NA	ORF	Illumina
sample_8	NA	S	Illumina
sample_8	18.63	PCR	Illumina
sample_8	NA	N	Illumina
sample_8	NA	ORF	Illumina
sample_8	NA	S	Illumina
sample_8	20.71	PCR	Illumina
sample_8	NA	N	Illumina
sample_8	NA	ORF	Illumina
sample_8	NA	S	Illumina
sample_8	20.91	PCR	Illumina
sample_8	NA	N	Illumina
sample_8	NA	ORF	Illumina
sample_8	NA	S	Illumina
sample_8	18.42	PCR	Illumina
sample_8	NA	N	Illumina
sample_8	NA	ORF	Illumina
sample_8	NA	S	Illumina
sample_8	28.83	PCR	Illumina
sample_8	NA	N	Illumina
sample_8	NA	ORF	Illumina
sample_8	NA	S	Illumina
sample_8	16.29	PCR	Illumina
sample_8	NA	N	Illumina
sample_8	NA	ORF	Illumina
sample_8	NA	S	Illumina
sample_8	17.35	PCR	Illumina
sample_8	NA	N	Illumina
sample_8	NA	ORF	Illumina
sample_8	NA	S	Illumina
sample_8	21.24	PCR	Illumina
sample_8	NA	N	Illumina
sample_8	NA	ORF	Illumina
sample_8	NA	S	Illumina
sample_8	17.11	PCR	Nanopore
sample_8	NA	N	Nanopore
sample_8	NA	ORF	Nanopore
sample_8	NA	S	Nanopore
sample_8	18.4	PCR	Nanopore
sample_8	NA	N	Nanopore
sample_8	NA	ORF	Nanopore
sample_8	NA	S	Nanopore
sample_9	18.63	PCR	Nanopore
sample_9	NA	N	Nanopore
sample_9	NA	ORF	Nanopore
sample_9	NA	S	Nanopore
sample_9	20.71	PCR	Nanopore
sample_9	NA	N	Nanopore
sample_9	NA	ORF	Nanopore
sample_9	NA	S	Nanopore
sample_9	20.91	PCR	Nanopore
sample_9	NA	N	Nanopore
sample_9	NA	ORF	Nanopore
sample_9	NA	S	Nanopore
sample_9	18.42	PCR	Nanopore
sample_9	NA	N	Nanopore
sample_9	NA	ORF	Nanopore
sample_9	NA	S	Nanopore
sample_9	28.83	PCR	Nanopore
sample_9	NA	N	Nanopore
sample_9	NA	ORF	Nanopore
sample_9	NA	S	Nanopore
sample_9	16.29	PCR	Nanopore
sample_9	NA	N	Nanopore
sample_9	NA	ORF	Nanopore
sample_9	NA	S	Nanopore
sample_9	17.35	PCR	Nanopore
sample_9	NA	N	Nanopore
sample_9	NA	ORF	Nanopore
sample_9	NA	S	Nanopore
sample_9	21.24	PCR	Nanopore
sample_9	NA	N	Nanopore
sample_9	NA	ORF	Nanopore
sample_9	NA	S	Nanopore
sample_9	21.53	PCR	Illumina
sample_9	NA	N	Illumina
sample_9	NA	ORF	Illumina
sample_9	NA	S	Illumina
sample_9	21.37	PCR	Illumina
sample_9	NA	N	Illumina
sample_9	NA	ORF	Illumina
sample_9	NA	S	Illumina
sample_9	21.62	PCR	Illumina
sample_10	NA	N	Illumina
sample_10	NA	ORF	Illumina
sample_10	NA	S	Illumina
sample_10	22.28	PCR	Illumina
sample_10	NA	N	Illumina
sample_10	NA	ORF	Illumina
sample_10	NA	S	Illumina
sample_10	19.08	PCR	Illumina
sample_10	NA	N	Illumina
sample_10	NA	ORF	Illumina
sample_10	NA	S	Illumina
sample_10	28.16	PCR	Illumina
sample_10	NA	N	Illumina
sample_10	NA	ORF	Illumina
sample_10	NA	S	Illumina
sample_10	33.17	PCR	Illumina
sample_10	NA	N	Illumina
sample_10	NA	ORF	Illumina
sample_10	NA	S	Illumina
sample_10	17.01	PCR	Illumina
sample_10	NA	N	Illumina
sample_10	NA	ORF	Illumina
sample_10	NA	S	Illumina
sample_10	24.95	PCR	Illumina
sample_10	NA	N	Illumina
sample_10	NA	ORF	Illumina
sample_10	NA	S	Illumina
sample_10	22.95	PCR	Illumina
sample_10	NA	N	Illumina
sample_10	NA	ORF	Illumina
sample_10	NA	S	Illumina
sample_10	20.9	PCR	Illumina
sample_10	NA	N	Illumina
sample_10	NA	ORF	Illumina
sample_10	NA	S	Illumina
sample_10	18.6	PCR	Illumina
sample_10	NA	N	Illumina
sample_10	NA	ORF	Illumina
sample_10	NA	S	Illumina
sample_10	23.1	PCR	Illumina
sample_10	NA	N	Illumina
sample_1	NA	ORF	Illumina
sample_1	NA	S	Illumina
sample_1	21.6	PCR	Illumina
sample_1	NA	N	Illumina
sample_1	NA	ORF	Illumina
sample_1	NA	S	Illumina
sample_1	20.6	PCR	Illumina
sample_1	NA	N	Illumina
sample_1	NA	ORF	Illumina
sample_1	NA	S	Illumina
sample_1	26.4	PCR	Illumina
sample_1	NA	N	Illumina
sample_1	NA	ORF	Illumina
sample_1	NA	S	Illumina
sample_1	27.9	PCR	Illumina
sample_1	NA	N	Illumina
sample_1	NA	ORF	Illumina
sample_1	NA	S	Illumina
sample_1	19.5	PCR	Illumina
sample_1	NA	N	Illumina
sample_1	NA	ORF	Illumina
sample_1	NA	S	Illumina
sample_1	23.3	PCR	Illumina
sample_1	NA	N	Illumina
sample_1	NA	ORF	Illumina
sample_1	NA	S	Illumina
sample_1	22.6	PCR	Illumina
sample_1	NA	N	Illumina
sample_1	NA	ORF	Illumina
sample_1	NA	S	Illumina
sample_1	21.66	PCR	Illumina
sample_1	NA	N	Illumina
sample_1	NA	ORF	Illumina
sample_1	NA	S	Illumina
sample_1	22.5	PCR	Illumina
sample_1	NA	N	Illumina
sample_1	NA	ORF	Illumina
sample_1	NA	S	Illumina
sample_1	27.8	PCR	Illumina
sample_1	NA	N	Illumina
sample_1	NA	ORF	Illumina
sample_2	NA	S	Illumina
sample_2	18.38	PCR	Illumina
sample_2	NA	N	Illumina
sample_2	NA	ORF	Illumina
sample_2	NA	S	Illumina
sample_2	16.9	PCR	Illumina
sample_2	NA	N	Illumina
sample_2	NA	ORF	Illumina
sample_2	NA	S	Illumina
sample_2	19.8	PCR	Illumina
sample_2	NA	N	Illumina
sample_2	NA	ORF	Illumina
sample_2	NA	S	Illumina
sample_2	19.95	PCR	Illumina
sample_2	NA	N	Illumina
sample_2	NA	ORF	Illumina
sample_2	NA	S	Illumina
sample_2	27.8	PCR	Illumina
sample_2	NA	N	Illumina
sample_2	NA	ORF	Illumina
sample_2	NA	S	Illumina
sample_2	27.8	PCR	Illumina
sample_2	NA	N	Illumina
sample_2	NA	ORF	Illumina
sample_2	NA	S	Illumina
sample_2	27.8	PCR	Illumina
sample_2	NA	N	Illumina
sample_2	NA	ORF	Illumina
sample_2	NA	S	Illumina
sample_2	NA	PCR	Illumina
sample_2	23.27	N	Illumina
sample_2	23.21	ORF	Illumina
sample_2	NA	S	Illumina
sample_2	NA	PCR	Illumina
sample_2	21.25	N	Illumina
sample_2	22.64	ORF	Illumina
sample_2	NA	S	Illumina
sample_2	NA	PCR	Illumina
sample_2	23.18	N	Illumina
sample_2	22.74	ORF	Illumina
sample_2	NA	S	Illumina
sample_3	NA	PCR	Illumina
sample_3	22.82	N	Illumina
sample_3	21.88	ORF	Illumina
sample_3	NA	S	Illumina
sample_3	NA	PCR	Illumina
sample_3	23.39	N	Illumina
sample_3	25.44	ORF	Illumina
sample_3	NA	S	Illumina
sample_3	NA	PCR	Illumina
sample_3	23.97	N	Illumina
sample_3	24.4	ORF	Illumina
sample_3	NA	S	Illumina
sample_3	NA	PCR	Illumina
sample_3	31.11	N	Illumina
sample_3	34.14	ORF	Illumina
sample_3	NA	S	Illumina
sample_3	NA	PCR	Illumina
sample_3	21.48	N	Illumina
sample_3	21.37	ORF	Illumina
sample_3	NA	S	Illumina
sample_3	NA	PCR	Illumina
sample_3	20.72	N	Illumina
sample_3	20.58	ORF	Illumina
sample_3	NA	S	Illumina
sample_3	NA	PCR	Illumina
sample_3	23.24	N	Illumina
sample_3	24.28	ORF	Illumina
sample_3	NA	S	Illumina
sample_3	NA	PCR	Illumina
sample_3	NA	N	Illumina
sample_3	NA	ORF	Illumina
sample_3	NA	S	Illumina
sample_3	NA	PCR	Illumina
sample_3	NA	N	Illumina
sample_3	NA	ORF	Illumina
sample_3	NA	S	Illumina
sample_3	NA	PCR	Illumina
sample_3	NA	N	Illumina
sample_3	NA	ORF	Illumina
sample_3	NA	S	Illumina
sample_3	NA	PCR	Illumina
sample_4	NA	N	Illumina
sample_4	NA	ORF	Illumina
sample_4	NA	S	Illumina
sample_4	NA	PCR	Illumina
sample_4	NA	N	Illumina
sample_4	NA	ORF	Illumina
sample_4	NA	S	Illumina
sample_4	NA	PCR	Illumina
sample_4	NA	N	Illumina
sample_4	NA	ORF	Illumina
sample_4	NA	S	Illumina
sample_4	NA	PCR	Illumina
sample_4	NA	N	Illumina
sample_4	NA	ORF	Illumina
sample_4	NA	S	Illumina
sample_4	NA	PCR	Illumina
sample_4	NA	N	Illumina
sample_4	NA	ORF	Illumina
sample_4	NA	S	Illumina
sample_4	NA	PCR	Illumina
sample_4	NA	N	Illumina
sample_4	NA	ORF	Illumina
sample_4	NA	S	Illumina
sample_4	NA	PCR	Illumina
sample_4	NA	N	Illumina
sample_4	NA	ORF	Illumina
sample_4	NA	S	Illumina
sample_4	23	PCR	Illumina
sample_4	NA	N	Illumina
sample_4	NA	ORF	Illumina
sample_4	NA	S	Illumina
sample_4	18	PCR	Illumina
sample_4	NA	N	Illumina
sample_4	NA	ORF	Illumina
sample_4	NA	S	Illumina
sample_4	21	PCR	Illumina
sample_4	NA	N	Illumina
sample_4	NA	ORF	Illumina
sample_4	NA	S	Illumina
sample_4	20	PCR	Illumina
sample_4	NA	N	Illumina
sample_5	NA	ORF	Illumina
sample_5	NA	S	Illumina
sample_5	19	PCR	Illumina
sample_5	NA	N	Illumina
sample_5	NA	ORF	Illumina
sample_5	NA	S	Illumina
sample_5	24	PCR	Illumina
sample_5	NA	N	Illumina
sample_5	NA	ORF	Illumina
sample_5	NA	S	Illumina
sample_5	34	PCR	Illumina
sample_5	NA	N	Illumina
sample_5	NA	ORF	Illumina
sample_5	NA	S	Illumina
sample_5	16	PCR	Illumina
sample_5	NA	N	Illumina
sample_5	NA	ORF	Illumina
sample_5	NA	S	Illumina
sample_5	21	PCR	Illumina
sample_5	NA	N	Illumina
sample_5	NA	ORF	Illumina
sample_5	NA	S	Illumina
sample_5	26	PCR	Illumina
sample_5	NA	N	Illumina
sample_5	NA	ORF	Illumina
sample_5	NA	S	Illumina
sample_5	20.65	PCR	Illumina
sample_5	NA	N	Illumina
sample_5	NA	ORF	Illumina
sample_5	NA	S	Illumina
sample_5	19.39	PCR	Illumina
sample_5	NA	N	Illumina
sample_5	NA	ORF	Illumina
sample_5	NA	S	Illumina
sample_5	24.13	PCR	Illumina
sample_5	NA	N	Illumina
sample_5	NA	ORF	Illumina
sample_5	NA	S	Illumina
sample_5	23.14	PCR	Illumina
sample_5	NA	N	Illumina
sample_5	NA	ORF	Illumina
sample_6	NA	S	Illumina
sample_6	24.81	PCR	Illumina
sample_6	NA	N	Illumina
sample_6	NA	ORF	Illumina
sample_6	NA	S	Illumina
sample_6	27.49	PCR	Illumina
sample_6	NA	N	Illumina
sample_6	NA	ORF	Illumina
sample_6	NA	S	Illumina
sample_6	31.62	PCR	Illumina
sample_6	NA	N	Illumina
sample_6	NA	ORF	Illumina
sample_6	NA	S	Illumina
sample_6	17.17	PCR	Illumina
sample_6	NA	N	Illumina
sample_6	NA	ORF	Illumina
sample_6	NA	S	Illumina
sample_6	23.53	PCR	Illumina
sample_6	NA	N	Illumina
sample_6	NA	ORF	Illumina
sample_6	NA	S	Illumina
sample_6	22.44	PCR	Illumina
sample_6	NA	N	Illumina
sample_6	NA	ORF	Illumina
sample_6	NA	S	Illumina
sample_6	24.1	PCR	Ion Torrent
sample_6	NA	N	Ion Torrent
sample_6	NA	ORF	Ion Torrent
sample_6	NA	S	Ion Torrent
sample_6	20.05	PCR	Ion Torrent
sample_6	NA	N	Ion Torrent
sample_6	NA	ORF	Ion Torrent
sample_6	NA	S	Ion Torrent
sample_6	21.95	PCR	Ion Torrent
sample_6	NA	N	Ion Torrent
sample_6	NA	ORF	Ion Torrent
sample_6	NA	S	Ion Torrent
sample_6	22.1	PCR	Ion Torrent
sample_6	NA	N	Ion Torrent
sample_6	NA	ORF	Ion Torrent
sample_6	NA	S	Ion Torrent
sample_7	20.45	PCR	Ion Torrent
sample_7	NA	N	Ion Torrent
sample_7	NA	ORF	Ion Torrent
sample_7	NA	S	Ion Torrent
sample_7	28.25	PCR	Ion Torrent
sample_7	NA	N	Ion Torrent
sample_7	NA	ORF	Ion Torrent
sample_7	NA	S	Ion Torrent
sample_7	31.3	PCR	Ion Torrent
sample_7	NA	N	Ion Torrent
sample_7	NA	ORF	Ion Torrent
sample_7	NA	S	Ion Torrent
sample_7	21.5	PCR	Ion Torrent
sample_7	NA	N	Ion Torrent
sample_7	NA	ORF	Ion Torrent
sample_7	NA	S	Ion Torrent
sample_7	20.1	PCR	Ion Torrent
sample_7	NA	N	Ion Torrent
sample_7	NA	ORF	Ion Torrent
sample_7	NA	S	Ion Torrent
sample_7	24.2	PCR	Ion Torrent
sample_7	NA	N	Ion Torrent
sample_7	NA	ORF	Ion Torrent
sample_7	NA	S	Ion Torrent
sample_7	24	PCR	Illumina
sample_7	NA	N	Illumina
sample_7	NA	ORF	Illumina
sample_7	NA	S	Illumina
sample_7	22	PCR	Illumina
sample_7	NA	N	Illumina
sample_7	NA	ORF	Illumina
sample_7	NA	S	Illumina
sample_7	25	PCR	Illumina
sample_7	NA	N	Illumina
sample_7	NA	ORF	Illumina
sample_7	NA	S	Illumina
sample_7	22	PCR	Illumina
sample_7	NA	N	Illumina
sample_7	NA	ORF	Illumina
sample_7	NA	S	Illumina
sample_7	25	PCR	Illumina
sample_8	NA	N	Illumina
sample_8	NA	ORF	Illumina
sample_8	NA	S	Illumina
sample_8	31	PCR	Illumina
sample_8	NA	N	Illumina
sample_8	NA	ORF	Illumina
sample_8	NA	S	Illumina
sample_8	35	PCR	Illumina
sample_8	NA	N	Illumina
sample_8	NA	ORF	Illumina
sample_8	NA	S	Illumina
sample_8	22	PCR	Illumina
sample_8	NA	N	Illumina
sample_8	NA	ORF	Illumina
sample_8	NA	S	Illumina
sample_8	22	PCR	Illumina
sample_8	NA	N	Illumina
sample_8	NA	ORF	Illumina
sample_8	NA	S	Illumina
sample_8	26	PCR	Illumina
sample_8	NA	N	Illumina
sample_8	NA	ORF	Illumina
sample_8	NA	S	Illumina
sample_8	NA	PCR	Illumina
sample_8	NA	N	Illumina
sample_8	NA	ORF	Illumina
sample_8	22.91	S	Illumina
sample_8	NA	PCR	Illumina
sample_8	NA	N	Illumina
sample_8	NA	ORF	Illumina
sample_8	22.27	S	Illumina
sample_8	NA	PCR	Illumina
sample_8	NA	N	Illumina
sample_8	NA	ORF	Illumina
sample_8	23.17	S	Illumina
sample_8	NA	PCR	Illumina
sample_8	NA	N	Illumina
sample_8	NA	ORF	Illumina
sample_8	24.36	S	Illumina
sample_8	NA	PCR	Illumina
sample_8	NA	N	Illumina
sample_9	NA	ORF	Illumina
sample_9	24.89	S	Illumina
sample_9	NA	PCR	Illumina
sample_9	NA	N	Illumina
sample_9	NA	ORF	Illumina
sample_9	18.02	S	Illumina
sample_9	NA	PCR	Illumina
sample_9	NA	N	Illumina
sample_9	NA	ORF	Illumina
sample_9	34.09	S	Illumina
sample_9	NA	PCR	Illumina
sample_9	NA	N	Illumina
sample_9	NA	ORF	Illumina
sample_9	21.58	S	Illumina
sample_9	NA	PCR	Illumina
sample_9	NA	N	Illumina
sample_9	NA	ORF	Illumina
sample_9	22.22	S	Illumina
sample_9	NA	PCR	Illumina
sample_9	NA	N	Illumina
sample_9	NA	ORF	Illumina
sample_9	21.39	S	Illumina
sample_9	NA	PCR	Illumina
sample_9	NA	N	Illumina
sample_9	NA	ORF	Illumina
sample_9	22.91	S	Illumina
sample_9	NA	PCR	Illumina
sample_9	NA	N	Illumina
sample_9	NA	ORF	Illumina
sample_9	22.27	S	Illumina
sample_9	NA	PCR	Illumina
sample_9	NA	N	Illumina
sample_9	NA	ORF	Illumina
sample_9	23.17	S	Illumina
sample_9	NA	PCR	Illumina
sample_9	NA	N	Illumina
sample_9	NA	ORF	Illumina
sample_9	24.36	S	Illumina
sample_9	NA	PCR	Illumina
sample_9	NA	N	Illumina
sample_9	NA	ORF	Illumina
sample_10	24.89	S	Illumina
sample_10	NA	PCR	Illumina
sample_10	NA	N	Illumina
sample_10	NA	ORF	Illumina
sample_10	18.02	S	Illumina
sample_10	NA	PCR	Illumina
sample_10	NA	N	Illumina
sample_10	NA	ORF	Illumina
sample_10	34.09	S	Illumina
sample_10	NA	PCR	Illumina
sample_10	NA	N	Illumina
sample_10	NA	ORF	Illumina
sample_10	21.58	S	Illumina
sample_10	NA	PCR	Illumina
sample_10	NA	N	Illumina
sample_10	NA	ORF	Illumina
sample_10	22.22	S	Illumina
sample_10	NA	PCR	Illumina
sample_10	NA	N	Illumina
sample_10	NA	ORF	Illumina
sample_10	21.39	S	Illumina
sample_10	NA	PCR	Ion Torrent
sample_10	21	N	Ion Torrent
sample_10	21	ORF	Ion Torrent
sample_10	NA	S	Ion Torrent
sample_10	NA	PCR	Ion Torrent
sample_10	18	N	Ion Torrent
sample_10	18	ORF	Ion Torrent
sample_10	18	S	Ion Torrent
sample_10	NA	PCR	Ion Torrent
sample_10	23	N	Ion Torrent
sample_10	22	ORF	Ion Torrent
sample_10	NA	S	Ion Torrent
sample_10	NA	PCR	Ion Torrent
sample_10	22	N	Ion Torrent
sample_10	21	ORF	Ion Torrent
sample_10	21	S	Ion Torrent
sample_10	NA	PCR	Ion Torrent
sample_10	23	N	Ion Torrent
sample_10	24	ORF	Ion Torrent
sample_10	23	S	Ion Torrent
sample_1	NA	PCR	Ion Torrent
sample_1	24	N	Ion Torrent
sample_1	25	ORF	Ion Torrent
sample_1	24	S	Ion Torrent
sample_1	NA	PCR	Ion Torrent
sample_1	29	N	Ion Torrent
sample_1	29	ORF	Ion Torrent
sample_1	28	S	Ion Torrent
sample_1	NA	PCR	Ion Torrent
sample_1	22	N	Ion Torrent
sample_1	21	ORF	Ion Torrent
sample_1	21	S	Ion Torrent
sample_1	NA	PCR	Ion Torrent
sample_1	19	N	Ion Torrent
sample_1	18	ORF	Ion Torrent
sample_1	18	S	Ion Torrent
sample_1	NA	PCR	Ion Torrent
sample_1	27	N	Ion Torrent
sample_1	28	ORF	Ion Torrent
sample_1	27	S	Ion Torrent
sample_1	24.8	PCR	Ion Torrent
sample_1	NA	N	Ion Torrent
sample_1	NA	ORF	Ion Torrent
sample_1	NA	S	Ion Torrent
sample_1	23.1	PCR	Ion Torrent
sample_1	NA	N	Ion Torrent
sample_1	NA	ORF	Ion Torrent
sample_1	NA	S	Ion Torrent
sample_1	25	PCR	Ion Torrent
sample_1	NA	N	Ion Torrent
sample_1	NA	ORF	Ion Torrent
sample_1	NA	S	Ion Torrent
sample_1	26	PCR	Ion Torrent
sample_1	NA	N	Ion Torrent
sample_1	NA	ORF	Ion Torrent
sample_1	NA	S	Ion Torrent
sample_1	22.9	PCR	Ion Torrent
sample_1	NA	N	Ion Torrent
sample_1	NA	ORF	Ion Torrent
sample_1	NA	S	Ion Torrent
sample_1	30.1	PCR	Ion Torrent
sample_2	NA	N	Ion Torrent
sample_2	NA	ORF	Ion Torrent
sample_2	NA	S	Ion Torrent
sample_2	30.2	PCR	Ion Torrent
sample_2	NA	N	Ion Torrent
sample_2	NA	ORF	Ion Torrent
sample_2	NA	S	Ion Torrent
sample_2	18	PCR	Ion Torrent
sample_2	NA	N	Ion Torrent
sample_2	NA	ORF	Ion Torrent
sample_2	NA	S	Ion Torrent
sample_2	24.4	PCR	Ion Torrent
sample_2	NA	N	Ion Torrent
sample_2	NA	ORF	Ion Torrent
sample_2	NA	S	Ion Torrent
sample_2	22.6	PCR	Ion Torrent
sample_2	NA	N	Ion Torrent
sample_2	NA	ORF	Ion Torrent
sample_2	NA	S	Ion Torrent
sample_2	17.04	PCR	Illumina
sample_2	NA	N	Illumina
sample_2	NA	ORF	Illumina
sample_2	NA	S	Illumina
sample_2	15.84	PCR	Illumina
sample_2	NA	N	Illumina
sample_2	NA	ORF	Illumina
sample_2	NA	S	Illumina
sample_2	19.97	PCR	Illumina
sample_2	NA	N	Illumina
sample_2	NA	ORF	Illumina
sample_2	NA	S	Illumina
sample_2	19.51	PCR	Illumina
sample_2	NA	N	Illumina
sample_2	NA	ORF	Illumina
sample_2	NA	S	Illumina
sample_2	18.48	PCR	Illumina
sample_2	NA	N	Illumina
sample_2	NA	ORF	Illumina
sample_2	NA	S	Illumina
sample_2	17.53	PCR	Illumina
sample_2	NA	N	Illumina
sample_3	NA	ORF	Illumina
sample_3	NA	S	Illumina
sample_3	26.57	PCR	Illumina
sample_3	NA	N	Illumina
sample_3	NA	ORF	Illumina
sample_3	NA	S	Illumina
sample_3	16.89	PCR	Illumina
sample_3	NA	N	Illumina
sample_3	NA	ORF	Illumina
sample_3	NA	S	Illumina
sample_3	17.94	PCR	Illumina
sample_3	NA	N	Illumina
sample_3	NA	ORF	Illumina
sample_3	NA	S	Illumina
sample_3	20.76	PCR	Illumina
sample_3	NA	N	Illumina
sample_3	NA	ORF	Illumina
sample_3	NA	S	Illumina
sample_3	24	PCR	Illumina
sample_3	NA	N	Illumina
sample_3	NA	ORF	Illumina
sample_3	NA	S	Illumina
sample_3	22	PCR	Illumina
sample_3	NA	N	Illumina
sample_3	NA	ORF	Illumina
sample_3	NA	S	Illumina
sample_3	18	PCR	Illumina
sample_3	NA	N	Illumina
sample_3	NA	ORF	Illumina
sample_3	NA	S	Illumina
sample_3	20	PCR	Illumina
sample_3	NA	N	Illumina
sample_3	NA	ORF	Illumina
sample_3	NA	S	Illumina
sample_3	20	PCR	Illumina
sample_3	NA	N	Illumina
sample_3	NA	ORF	Illumina
sample_3	NA	S	Illumina
sample_3	25	PCR	Illumina
sample_3	NA	N	Illumina
sample_3	NA	ORF	Illumina
sample_4	NA	S	Illumina
sample_4	36	PCR	Illumina
sample_4	NA	N	Illumina
sample_4	NA	ORF	Illumina
sample_4	NA	S	Illumina
sample_4	17	PCR	Illumina
sample_4	NA	N	Illumina
sample_4	NA	ORF	Illumina
sample_4	NA	S	Illumina
sample_4	20	PCR	Illumina
sample_4	NA	N	Illumina
sample_4	NA	ORF	Illumina
sample_4	NA	S	Illumina
sample_4	22	PCR	Illumina
sample_4	NA	N	Illumina
sample_4	NA	ORF	Illumina
sample_4	NA	S	Illumina
sample_4	24.83	PCR	Illumina
sample_4	NA	N	Illumina
sample_4	NA	ORF	Illumina
sample_4	NA	S	Illumina
sample_4	24.5	PCR	Illumina
sample_4	NA	N	Illumina
sample_4	NA	ORF	Illumina
sample_4	NA	S	Illumina
sample_4	27.05	PCR	Illumina
sample_4	NA	N	Illumina
sample_4	NA	ORF	Illumina
sample_4	NA	S	Illumina
sample_4	30.11	PCR	Illumina
sample_4	NA	N	Illumina
sample_4	NA	ORF	Illumina
sample_4	NA	S	Illumina
sample_4	27.56	PCR	Illumina
sample_4	NA	N	Illumina
sample_4	NA	ORF	Illumina
sample_4	NA	S	Illumina
sample_4	24.45	PCR	Illumina
sample_4	NA	N	Illumina
sample_4	NA	ORF	Illumina
sample_4	NA	S	Illumina
sample_5	36.03	PCR	Illumina
sample_5	NA	N	Illumina
sample_5	NA	ORF	Illumina
sample_5	NA	S	Illumina
sample_5	23.48	PCR	Illumina
sample_5	NA	N	Illumina
sample_5	NA	ORF	Illumina
sample_5	NA	S	Illumina
sample_5	24.96	PCR	Illumina
sample_5	NA	N	Illumina
sample_5	NA	ORF	Illumina
sample_5	NA	S	Illumina
sample_5	29.86	PCR	Illumina
sample_5	NA	N	Illumina
sample_5	NA	ORF	Illumina
sample_5	NA	S	Illumina
sample_5	NA	PCR	Illumina
sample_5	17.9	N	Illumina
sample_5	NA	ORF	Illumina
sample_5	NA	S	Illumina
sample_5	NA	PCR	Illumina
sample_5	17.3	N	Illumina
sample_5	NA	ORF	Illumina
sample_5	NA	S	Illumina
sample_5	NA	PCR	Illumina
sample_5	21.1	N	Illumina
sample_5	NA	ORF	Illumina
sample_5	NA	S	Illumina
sample_5	NA	PCR	Illumina
sample_5	18.9	N	Illumina
sample_5	NA	ORF	Illumina
sample_5	NA	S	Illumina
sample_5	NA	PCR	Illumina
sample_5	19.8	N	Illumina
sample_5	NA	ORF	Illumina
sample_5	NA	S	Illumina
sample_5	NA	PCR	Illumina
sample_5	22.1	N	Illumina
sample_5	NA	ORF	Illumina
sample_5	NA	S	Illumina
sample_5	NA	PCR	Illumina
sample_6	25.5	N	Illumina
sample_6	NA	ORF	Illumina
sample_6	NA	S	Illumina
sample_6	NA	PCR	Illumina
sample_6	17.4	N	Illumina
sample_6	NA	ORF	Illumina
sample_6	NA	S	Illumina
sample_6	NA	PCR	Illumina
sample_6	19.8	N	Illumina
sample_6	NA	ORF	Illumina
sample_6	NA	S	Illumina
sample_6	NA	PCR	Illumina
sample_6	22.9	N	Illumina
sample_6	NA	ORF	Illumina
sample_6	NA	S	Illumina
sample_6	NA	PCR	Illumina
sample_6	17.9	N	Illumina
sample_6	NA	ORF	Illumina
sample_6	NA	S	Illumina
sample_6	NA	PCR	Illumina
sample_6	17.3	N	Illumina
sample_6	NA	ORF	Illumina
sample_6	NA	S	Illumina
sample_6	NA	PCR	Illumina
sample_6	21.1	N	Illumina
sample_6	NA	ORF	Illumina
sample_6	NA	S	Illumina
sample_6	NA	PCR	Illumina
sample_6	18.9	N	Illumina
sample_6	NA	ORF	Illumina
sample_6	NA	S	Illumina
sample_6	NA	PCR	Illumina
sample_6	19.8	N	Illumina
sample_6	NA	ORF	Illumina
sample_6	NA	S	Illumina
sample_6	NA	PCR	Illumina
sample_6	22.1	N	Illumina
sample_6	NA	ORF	Illumina
sample_6	NA	S	Illumina
sample_6	NA	PCR	Illumina
sample_6	25.5	N	Illumina
sample_7	NA	ORF	Illumina
sample_7	NA	S	Illumina
sample_7	NA	PCR	Illumina
sample_7	17.4	N	Illumina
sample_7	NA	ORF	Illumina
sample_7	NA	S	Illumina
sample_7	NA	PCR	Illumina
sample_7	19.8	N	Illumina
sample_7	NA	ORF	Illumina
sample_7	NA	S	Illumina
sample_7	NA	PCR	Illumina
sample_7	22.9	N	Illumina
sample_7	NA	ORF	Illumina
sample_7	NA	S	Illumina
sample_7	20.7	PCR	Illumina
sample_7	NA	N	Illumina
sample_7	NA	ORF	Illumina
sample_7	NA	S	Illumina
sample_7	17.33	PCR	Illumina
sample_7	NA	N	Illumina
sample_7	NA	ORF	Illumina
sample_7	NA	S	Illumina
sample_7	24.56	PCR	Illumina
sample_7	NA	N	Illumina
sample_7	NA	ORF	Illumina
sample_7	NA	S	Illumina
sample_7	21.67	PCR	Illumina
sample_7	NA	N	Illumina
sample_7	NA	ORF	Illumina
sample_7	NA	S	Illumina
sample_7	25.08	PCR	Illumina
sample_7	NA	N	Illumina
sample_7	NA	ORF	Illumina
sample_7	NA	S	Illumina
sample_7	25.21	PCR	Illumina
sample_7	NA	N	Illumina
sample_7	NA	ORF	Illumina
sample_7	NA	S	Illumina
sample_7	26.22	PCR	Illumina
sample_7	NA	N	Illumina
sample_7	NA	ORF	Illumina
sample_8	NA	S	Illumina
sample_8	17.03	PCR	Illumina
sample_8	NA	N	Illumina
sample_8	NA	ORF	Illumina
sample_8	NA	S	Illumina
sample_8	21.46	PCR	Illumina
sample_8	NA	N	Illumina
sample_8	NA	ORF	Illumina
sample_8	NA	S	Illumina
sample_8	21.65	PCR	Illumina
sample_8	NA	N	Illumina
sample_8	NA	ORF	Illumina
sample_8	NA	S	Illumina
sample_8	18.6	PCR	Illumina
sample_8	NA	N	Illumina
sample_8	NA	ORF	Illumina
sample_8	NA	S	Illumina
sample_8	17.7	PCR	Illumina
sample_8	NA	N	Illumina
sample_8	NA	ORF	Illumina
sample_8	NA	S	Illumina
sample_8	21.3	PCR	Illumina
sample_8	NA	N	Illumina
sample_8	NA	ORF	Illumina
sample_8	NA	S	Illumina
sample_8	20.9	PCR	Illumina
sample_8	NA	N	Illumina
sample_8	NA	ORF	Illumina
sample_8	NA	S	Illumina
sample_8	23.7	PCR	Illumina
sample_8	NA	N	Illumina
sample_8	NA	ORF	Illumina
sample_8	NA	S	Illumina
sample_8	22.5	PCR	Illumina
sample_8	NA	N	Illumina
sample_8	NA	ORF	Illumina
sample_8	NA	S	Illumina
sample_8	28.4	PCR	Illumina
sample_8	NA	N	Illumina
sample_8	NA	ORF	Illumina
sample_8	NA	S	Illumina
sample_9	18.3	PCR	Illumina
sample_9	NA	N	Illumina
sample_9	NA	ORF	Illumina
sample_9	NA	S	Illumina
sample_9	19.3	PCR	Illumina
sample_9	NA	N	Illumina
sample_9	NA	ORF	Illumina
sample_9	NA	S	Illumina
sample_9	22.3	PCR	Illumina
sample_9	NA	N	Illumina
sample_9	NA	ORF	Illumina
sample_9	NA	S	Illumina
sample_9	21	PCR	Ion Torrent
sample_9	NA	N	Ion Torrent
sample_9	NA	ORF	Ion Torrent
sample_9	NA	S	Ion Torrent
sample_9	19	PCR	Ion Torrent
sample_9	NA	N	Ion Torrent
sample_9	NA	ORF	Ion Torrent
sample_9	NA	S	Ion Torrent
sample_9	24	PCR	Ion Torrent
sample_9	NA	N	Ion Torrent
sample_9	NA	ORF	Ion Torrent
sample_9	NA	S	Ion Torrent
sample_9	22	PCR	Ion Torrent
sample_9	NA	N	Ion Torrent
sample_9	NA	ORF	Ion Torrent
sample_9	NA	S	Ion Torrent
sample_9	23	PCR	Ion Torrent
sample_9	NA	N	Ion Torrent
sample_9	NA	ORF	Ion Torrent
sample_9	NA	S	Ion Torrent
sample_9	21	PCR	Ion Torrent
sample_9	NA	N	Ion Torrent
sample_9	NA	ORF	Ion Torrent
sample_9	NA	S	Ion Torrent
sample_9	34	PCR	Ion Torrent
sample_9	NA	N	Ion Torrent
sample_9	NA	ORF	Ion Torrent
sample_9	NA	S	Ion Torrent
sample_9	20	PCR	Ion Torrent
sample_10	NA	N	Ion Torrent
sample_10	NA	ORF	Ion Torrent
sample_10	NA	S	Ion Torrent
sample_10	22	PCR	Ion Torrent
sample_10	NA	N	Ion Torrent
sample_10	NA	ORF	Ion Torrent
sample_10	NA	S	Ion Torrent
sample_10	27	PCR	Ion Torrent
sample_10	NA	N	Ion Torrent
sample_10	NA	ORF	Ion Torrent
sample_10	NA	S	Ion Torrent
sample_10	25	PCR	Illumina
sample_10	NA	N	Illumina
sample_10	NA	ORF	Illumina
sample_10	NA	S	Illumina
sample_10	23	PCR	Illumina
sample_10	NA	N	Illumina
sample_10	NA	ORF	Illumina
sample_10	NA	S	Illumina
sample_10	29	PCR	Illumina
sample_10	NA	N	Illumina
sample_10	NA	ORF	Illumina
sample_10	NA	S	Illumina
sample_10	25	PCR	Illumina
sample_10	NA	N	Illumina
sample_10	NA	ORF	Illumina
sample_10	NA	S	Illumina
sample_10	27	PCR	Illumina
sample_10	NA	N	Illumina
sample_10	NA	ORF	Illumina
sample_10	NA	S	Illumina
sample_10	31	PCR	Illumina
sample_10	NA	N	Illumina
sample_10	NA	ORF	Illumina
sample_10	NA	S	Illumina
sample_10	36	PCR	Illumina
sample_10	NA	N	Illumina
sample_10	NA	ORF	Illumina
sample_10	NA	S	Illumina
sample_10	21	PCR	Illumina
sample_10	NA	N	Illumina
sample_1	NA	ORF	Illumina
sample_1	NA	S	Illumina
sample_1	23	PCR	Illumina
sample_1	NA	N	Illumina
sample_1	NA	ORF	Illumina
sample_1	NA	S	Illumina
sample_1	29	PCR	Illumina
sample_1	NA	N	Illumina
sample_1	NA	ORF	Illumina
sample_1	NA	S	Illumina
sample_1	NA	PCR	Illumina
sample_1	NA	N	Illumina
sample_1	NA	ORF	Illumina
sample_1	NA	S	Illumina
sample_1	NA	PCR	Illumina
sample_1	NA	N	Illumina
sample_1	NA	ORF	Illumina
sample_1	NA	S	Illumina
sample_1	NA	PCR	Illumina
sample_1	NA	N	Illumina
sample_1	NA	ORF	Illumina
sample_1	NA	S	Illumina
sample_1	NA	PCR	Illumina
sample_1	NA	N	Illumina
sample_1	NA	ORF	Illumina
sample_1	NA	S	Illumina
sample_1	NA	PCR	Illumina
sample_1	NA	N	Illumina
sample_1	NA	ORF	Illumina
sample_1	NA	S	Illumina
sample_1	NA	PCR	Illumina
sample_1	NA	N	Illumina
sample_1	NA	ORF	Illumina
sample_1	NA	S	Illumina
sample_1	NA	PCR	Illumina
sample_1	NA	N	Illumina
sample_1	NA	ORF	Illumina
sample_1	NA	S	Illumina
sample_1	NA	PCR	Illumina
sample_1	NA	N	Illumina
sample_1	NA	ORF	Illumina
sample_2	NA	S	Illumina
sample_2	NA	PCR	Illumina
sample_2	NA	N	Illumina
sample_2	NA	ORF	Illumina
sample_2	NA	S	Illumina
sample_2	NA	PCR	Illumina
sample_2	NA	N	Illumina
sample_2	NA	ORF	Illumina
sample_2	NA	S	Illumina
sample_2	20.5	PCR	Illumina
sample_2	NA	N	Illumina
sample_2	NA	ORF	Illumina
sample_2	NA	S	Illumina
sample_2	20.4	PCR	Illumina
sample_2	NA	N	Illumina
sample_2	NA	ORF	Illumina
sample_2	NA	S	Illumina
sample_2	19.4	PCR	Illumina
sample_2	NA	N	Illumina
sample_2	NA	ORF	Illumina
sample_2	NA	S	Illumina
sample_2	20.6	PCR	Illumina
sample_2	NA	N	Illumina
sample_2	NA	ORF	Illumina
sample_2	NA	S	Illumina
sample_2	23.2	PCR	Illumina
sample_2	NA	N	Illumina
sample_2	NA	ORF	Illumina
sample_2	NA	S	Illumina
sample_2	29.3	PCR	Illumina
sample_2	NA	N	Illumina
sample_2	NA	ORF	Illumina
sample_2	NA	S	Illumina
sample_2	33.5	PCR	Illumina
sample_2	NA	N	Illumina
sample_2	NA	ORF	Illumina
sample_2	NA	S	Illumina
sample_2	21.5	PCR	Illumina
sample_2	NA	N	Illumina
sample_2	NA	ORF	Illumina
sample_2	NA	S	Illumina
sample_3	24.3	PCR	Illumina
sample_3	NA	N	Illumina
sample_3	NA	ORF	Illumina
sample_3	NA	S	Illumina
sample_3	26.5	PCR	Illumina
sample_3	NA	N	Illumina
sample_3	NA	ORF	Illumina
sample_3	NA	S	Illumina
sample_3	17	PCR	Illumina
sample_3	NA	N	Illumina
sample_3	NA	ORF	Illumina
sample_3	NA	S	Illumina
sample_3	16	PCR	Illumina
sample_3	NA	N	Illumina
sample_3	NA	ORF	Illumina
sample_3	NA	S	Illumina
sample_3	18	PCR	Illumina
sample_3	NA	N	Illumina
sample_3	NA	ORF	Illumina
sample_3	NA	S	Illumina
sample_3	18	PCR	Illumina
sample_3	NA	N	Illumina
sample_3	NA	ORF	Illumina
sample_3	NA	S	Illumina
sample_3	18	PCR	Illumina
sample_3	NA	N	Illumina
sample_3	NA	ORF	Illumina
sample_3	NA	S	Illumina
sample_3	23	PCR	Illumina
sample_3	NA	N	Illumina
sample_3	NA	ORF	Illumina
sample_3	NA	S	Illumina
sample_3	23	PCR	Illumina
sample_3	NA	N	Illumina
sample_3	NA	ORF	Illumina
sample_3	NA	S	Illumina
sample_3	17	PCR	Illumina
sample_3	NA	N	Illumina
sample_3	NA	ORF	Illumina
sample_3	NA	S	Illumina
sample_3	19	PCR	Illumina
sample_4	NA	N	Illumina
sample_4	NA	ORF	Illumina
sample_4	NA	S	Illumina
sample_4	21	PCR	Illumina
sample_4	NA	N	Illumina
sample_4	NA	ORF	Illumina
sample_4	NA	S	Illumina
sample_4	18	PCR	Illumina
sample_4	NA	N	Illumina
sample_4	NA	ORF	Illumina
sample_4	NA	S	Illumina
sample_4	18	PCR	Illumina
sample_4	NA	N	Illumina
sample_4	NA	ORF	Illumina
sample_4	NA	S	Illumina
sample_4	21	PCR	Illumina
sample_4	NA	N	Illumina
sample_4	NA	ORF	Illumina
sample_4	NA	S	Illumina
sample_4	21	PCR	Illumina
sample_4	NA	N	Illumina
sample_4	NA	ORF	Illumina
sample_4	NA	S	Illumina
sample_4	21	PCR	Illumina
sample_4	NA	N	Illumina
sample_4	NA	ORF	Illumina
sample_4	NA	S	Illumina
sample_4	22	PCR	Illumina
sample_4	NA	N	Illumina
sample_4	NA	ORF	Illumina
sample_4	NA	S	Illumina
sample_4	33	PCR	Illumina
sample_4	NA	N	Illumina
sample_4	NA	ORF	Illumina
sample_4	NA	S	Illumina
sample_4	18	PCR	Illumina
sample_4	NA	N	Illumina
sample_4	NA	ORF	Illumina
sample_4	NA	S	Illumina
sample_4	19	PCR	Illumina
sample_4	NA	N	Illumina
sample_5	NA	ORF	Illumina
sample_5	NA	S	Illumina
sample_5	20	PCR	Illumina
sample_5	NA	N	Illumina
sample_5	NA	ORF	Illumina
sample_5	NA	S	Illumina
sample_5	21.5	PCR	Ion Torrent
sample_5	NA	N	Ion Torrent
sample_5	NA	ORF	Ion Torrent
sample_5	NA	S	Ion Torrent
sample_5	17.5	PCR	Ion Torrent
sample_5	NA	N	Ion Torrent
sample_5	NA	ORF	Ion Torrent
sample_5	NA	S	Ion Torrent
sample_5	22	PCR	Ion Torrent
sample_5	NA	N	Ion Torrent
sample_5	NA	ORF	Ion Torrent
sample_5	NA	S	Ion Torrent
sample_5	22	PCR	Ion Torrent
sample_5	NA	N	Ion Torrent
sample_5	NA	ORF	Ion Torrent
sample_5	NA	S	Ion Torrent
sample_5	20	PCR	Ion Torrent
sample_5	NA	N	Ion Torrent
sample_5	NA	ORF	Ion Torrent
sample_5	NA	S	Ion Torrent
sample_5	24	PCR	Ion Torrent
sample_5	NA	N	Ion Torrent
sample_5	NA	ORF	Ion Torrent
sample_5	NA	S	Ion Torrent
sample_5	24.5	PCR	Ion Torrent
sample_5	NA	N	Ion Torrent
sample_5	NA	ORF	Ion Torrent
sample_5	NA	S	Ion Torrent
sample_5	21.5	PCR	Ion Torrent
sample_5	NA	N	Ion Torrent
sample_5	NA	ORF	Ion Torrent
sample_5	NA	S	Ion Torrent
sample_5	21	PCR	Ion Torrent
sample_5	NA	N	Ion Torrent
sample_5	NA	ORF	Ion Torrent
sample_6	NA	S	Ion Torrent
sample_6	23	PCR	Ion Torrent
sample_6	NA	N	Ion Torrent
sample_6	NA	ORF	Ion Torrent
sample_6	NA	S	Ion Torrent
sample_6	25.2	PCR	Illumina
sample_6	NA	N	Illumina
sample_6	NA	ORF	Illumina
sample_6	NA	S	Illumina
sample_6	23.34	PCR	Illumina
sample_6	NA	N	Illumina
sample_6	NA	ORF	Illumina
sample_6	NA	S	Illumina
sample_6	26.42	PCR	Illumina
sample_6	NA	N	Illumina
sample_6	NA	ORF	Illumina
sample_6	NA	S	Illumina
sample_6	27.09	PCR	Illumina
sample_6	NA	N	Illumina
sample_6	NA	ORF	Illumina
sample_6	NA	S	Illumina
sample_6	24.13	PCR	Illumina
sample_6	NA	N	Illumina
sample_6	NA	ORF	Illumina
sample_6	NA	S	Illumina
sample_6	26.92	PCR	Illumina
sample_6	NA	N	Illumina
sample_6	NA	ORF	Illumina
sample_6	NA	S	Illumina
sample_6	28.39	PCR	Illumina
sample_6	NA	N	Illumina
sample_6	NA	ORF	Illumina
sample_6	NA	S	Illumina
sample_6	19.12	PCR	Illumina
sample_6	NA	N	Illumina
sample_6	NA	ORF	Illumina
sample_6	NA	S	Illumina
sample_6	24.54	PCR	Illumina
sample_6	NA	N	Illumina
sample_6	NA	ORF	Illumina
sample_6	NA	S	Illumina
sample_7	27.98	PCR	Illumina
sample_7	NA	N	Illumina
sample_7	NA	ORF	Illumina
sample_7	NA	S	Illumina
sample_7	NA	PCR	Illumina
sample_7	NA	N	Illumina
sample_7	NA	ORF	Illumina
sample_7	NA	S	Illumina
sample_7	NA	PCR	Illumina
sample_7	NA	N	Illumina
sample_7	NA	ORF	Illumina
sample_7	NA	S	Illumina
sample_7	NA	PCR	Illumina
sample_7	NA	N	Illumina
sample_7	NA	ORF	Illumina
sample_7	NA	S	Illumina
sample_7	NA	PCR	Illumina
sample_7	NA	N	Illumina
sample_7	NA	ORF	Illumina
sample_7	NA	S	Illumina
sample_7	NA	PCR	Illumina
sample_7	NA	N	Illumina
sample_7	NA	ORF	Illumina
sample_7	NA	S	Illumina
sample_7	NA	PCR	Illumina
sample_7	NA	N	Illumina
sample_7	NA	ORF	Illumina
sample_7	NA	S	Illumina
sample_7	NA	PCR	Illumina
sample_7	NA	N	Illumina
sample_7	NA	ORF	Illumina
sample_7	NA	S	Illumina
sample_7	NA	PCR	Illumina
sample_7	NA	N	Illumina
sample_7	NA	ORF	Illumina
sample_7	NA	S	Illumina
sample_7	NA	PCR	Illumina
sample_7	NA	N	Illumina
sample_7	NA	ORF	Illumina
sample_7	NA	S	Illumina
sample_7	NA	PCR	Illumina
sample_8	NA	N	Illumina
sample_8	NA	ORF	Illumina
sample_8	NA	S	Illumina
sample_8	20.28	PCR	Nanopore
sample_8	NA	N	Nanopore
sample_8	NA	ORF	Nanopore
sample_8	NA	S	Nanopore
sample_8	16.04	PCR	Nanopore
sample_8	NA	N	Nanopore
sample_8	NA	ORF	Nanopore
sample_8	NA	S	Nanopore
sample_8	19.93	PCR	Nanopore
sample_8	NA	N	Nanopore
sample_8	NA	ORF	Nanopore
sample_8	NA	S	Nanopore
sample_8	18.92	PCR	Nanopore
sample_8	NA	N	Nanopore
sample_8	NA	ORF	Nanopore
sample_8	NA	S	Nanopore
sample_8	18.92	PCR	Nanopore
sample_8	NA	N	Nanopore
sample_8	NA	ORF	Nanopore
sample_8	NA	S	Nanopore
sample_8	23.8	PCR	Nanopore
sample_8	NA	N	Nanopore
sample_8	NA	ORF	Nanopore
sample_8	NA	S	Nanopore
sample_8	23.74	PCR	Nanopore
sample_8	NA	N	Nanopore
sample_8	NA	ORF	Nanopore
sample_8	NA	S	Nanopore
sample_8	17.43	PCR	Nanopore
sample_8	NA	N	Nanopore
sample_8	NA	ORF	Nanopore
sample_8	NA	S	Nanopore
sample_8	17.14	PCR	Nanopore
sample_8	NA	N	Nanopore
sample_8	NA	ORF	Nanopore
sample_8	NA	S	Nanopore
sample_8	22.41	PCR	Nanopore
sample_8	NA	N	Nanopore
sample_9	NA	ORF	Nanopore
sample_9	NA	S	Nanopore
sample_9	19.91	PCR	Illumina
sample_9	NA	N	Illumina
sample_9	NA	ORF	Illumina
sample_9	NA	S	Illumina
sample_9	15.58	PCR	Illumina
sample_9	NA	N	Illumina
sample_9	NA	ORF	Illumina
sample_9	NA	S	Illumina
sample_9	18.93	PCR	Illumina
sample_9	NA	N	Illumina
sample_9	NA	ORF	Illumina
sample_9	NA	S	Illumina
sample_9	19.25	PCR	Illumina
sample_9	NA	N	Illumina
sample_9	NA	ORF	Illumina
sample_9	NA	S	Illumina
sample_9	16.44	PCR	Illumina
sample_9	NA	N	Illumina
sample_9	NA	ORF	Illumina
sample_9	NA	S	Illumina
sample_9	21.95	PCR	Illumina
sample_9	NA	N	Illumina
sample_9	NA	ORF	Illumina
sample_9	NA	S	Illumina
sample_9	21.63	PCR	Illumina
sample_9	NA	N	Illumina
sample_9	NA	ORF	Illumina
sample_9	NA	S	Illumina
sample_9	14.5	PCR	Illumina
sample_9	NA	N	Illumina
sample_9	NA	ORF	Illumina
sample_9	NA	S	Illumina
sample_9	18.46	PCR	Illumina
sample_9	NA	N	Illumina
sample_9	NA	ORF	Illumina
sample_9	NA	S	Illumina
sample_9	19.18	PCR	Illumina
sample_9	NA	N	Illumina
sample_9	NA	ORF	Illumina
sample_10	NA	S	Illumina
sample_10	23.2	PCR	Ion Torrent
sample_10	NA	N	Ion Torrent
sample_10	NA	ORF	Ion Torrent
sample_10	NA	S	Ion Torrent
sample_10	20.3	PCR	Ion Torrent
sample_10	NA	N	Ion Torrent
sample_10	NA	ORF	Ion Torrent
sample_10	NA	S	Ion Torrent
sample_10	22.6	PCR	Ion Torrent
sample_10	NA	N	Ion Torrent
sample_10	NA	ORF	Ion Torrent
sample_10	NA	S	Ion Torrent
sample_10	23	PCR	Ion Torrent
sample_10	NA	N	Ion Torrent
sample_10	NA	ORF	Ion Torrent
sample_10	NA	S	Ion Torrent
sample_10	23.2	PCR	Ion Torrent
sample_10	NA	N	Ion Torrent
sample_10	NA	ORF	Ion Torrent
sample_10	NA	S	Ion Torrent
sample_10	25.2	PCR	Ion Torrent
sample_10	NA	N	Ion Torrent
sample_10	NA	ORF	Ion Torrent
sample_10	NA	S	Ion Torrent
sample_10	26.3	PCR	Ion Torrent
sample_10	NA	N	Ion Torrent
sample_10	NA	ORF	Ion Torrent
sample_10	NA	S	Ion Torrent
sample_10	21.1	PCR	Ion Torrent
sample_10	NA	N	Ion Torrent
sample_10	NA	ORF	Ion Torrent
sample_10	NA	S	Ion Torrent
sample_10	20.3	PCR	Ion Torrent
sample_10	NA	N	Ion Torrent
sample_10	NA	ORF	Ion Torrent
sample_10	NA	S	Ion Torrent
sample_10	21.3	PCR	Ion Torrent
sample_10	NA	N	Ion Torrent
sample_10	NA	ORF	Ion Torrent
sample_10	NA	S	Ion Torrent
