amino acid	B.1.1.7	Q.4	B.1.1	A.28	B.1.621	B.1	P.1	P.1.14	P.1.12	P.1.15	AY.9.2	AY.43	AY.61	B.1.617.2	AY.94
T1001I	ORF1a	ORF1a	None	None	None	None	None	None	None	None	None	None	None	None	None
A1708D	ORF1a	ORF1a	None	None	None	None	None	None	None	None	None	None	None	None	None
I2230T	ORF1a	ORF1a	None	None	None	None	None	None	None	None	None	None	None	None	None
del3675/3677	ORF1a	ORF1a	None	None	None	None	ORF1a	ORF1a	ORF1a	ORF1a	None	None	None	None	None
P314L	ORF1b	ORF1b	ORF1b	None	ORF1b	ORF1b	ORF1b	ORF1b	ORF1b	ORF1b	ORF1b	ORF1b	ORF1b	ORF1b	ORF1b
del69/70	S	S	None	S	None	None	None	None	None	None	None	None	None	None	None
del144/144	S	S	None	None	None	None	None	None	None	None	None	None	None	None	None
N501Y	S	S	None	None	S	None	S	S	S	S	None	None	None	None	None
A570D	S	S	None	None	None	None	None	None	None	None	None	None	None	None	None
D614G	S	S	S	None	S	S	S	S	S	S	S	S	S	S	S
P681H	S	None	None	None	S	None	None	None	None	None	None	None	None	None	None
T716I	S	S	None	None	None	None	None	None	None	None	None	None	None	None	None
S982A	S	S	None	None	None	None	None	None	None	None	None	None	None	None	None
D1118H	S	S	None	None	None	None	None	None	None	None	None	None	None	None	None
Q27*	ORF8	ORF8	None	None	None	None	None	None	None	None	None	None	None	None	None
R52I	ORF8	ORF8	None	None	None	None	None	None	None	None	None	None	None	None	None
Y73C	ORF8	ORF8	None	None	None	None	None	None	None	None	None	None	None	None	None
S84L	ORF8	ORF8	ORF8	None	ORF8	ORF8	ORF8	ORF8	ORF8	ORF8	ORF8	ORF8	ORF8	ORF8	ORF8
D3L	N	N	None	None	None	None	None	None	None	None	None	None	None	None	None
R203K	N	N	N	None	None	None	N	N	None	N	None	None	None	None	None
G204R	N	N	N	None	None	None	N	N	None	N	None	None	None	None	None
S235F	N	N	None	None	None	None	None	None	None	None	None	None	None	None	None
R24C	None	ORF1a	None	None	None	None	None	None	None	None	None	None	None	None	None
T1567A	None	ORF1a	None	None	None	None	None	None	None	None	None	None	None	None	None
A2320V	None	ORF1a	None	None	None	None	None	None	None	None	None	None	None	None	None
Q3966R	None	ORF1a	None	None	None	None	None	None	None	None	None	None	None	None	None
K1383R	None	ORF1b	None	None	None	None	None	None	None	None	None	None	None	None	None
P681R	None	S	None	None	None	None	None	None	None	None	S	S	S	S	S
V86F	None	None	None	ORF1a	None	None	None	None	None	None	None	None	None	None	None
A3529T	None	None	None	ORF1a	None	None	None	None	None	None	None	None	None	None	None
A975V	None	None	None	ORF1b	None	None	None	None	None	None	None	None	None	None	None
D1183Y	None	None	None	ORF1b	None	None	None	None	None	None	None	None	None	None	None
N501T	None	None	None	S	None	None	None	None	None	None	None	None	None	None	None
H655Y	None	None	None	S	None	None	S	S	S	S	None	None	None	None	None
S171L	None	None	None	ORF3a	None	None	None	None	None	None	None	None	None	None	None
A35V	None	None	None	N	None	None	None	None	None	None	None	None	None	None	None
S202N	None	None	None	N	None	None	None	None	None	None	None	None	None	None	None
T1055A	None	None	None	None	ORF1a	None	None	None	None	None	None	None	None	None	None
T1538I	None	None	None	None	ORF1a	None	None	None	None	None	None	None	None	None	None
T3255I	None	None	None	None	ORF1a	None	None	None	None	None	None	ORF1a	None	None	ORF1a
Q3729R	None	None	None	None	ORF1a	None	None	None	None	None	None	None	None	None	None
P1342S	None	None	None	None	ORF1b	None	None	None	None	None	None	None	None	None	None
T95I	None	None	None	None	S	None	None	None	None	None	None	None	None	None	None
Y145N	None	None	None	None	S	None	None	None	None	None	None	None	None	None	None
R346K	None	None	None	None	S	None	None	None	None	None	None	None	None	None	None
E484K	None	None	None	None	S	None	S	S	None	S	None	None	None	None	None
D950N	None	None	None	None	S	None	None	None	None	None	S	S	S	S	S
Q57H	None	None	None	None	ORF3a	None	None	None	None	None	None	None	None	None	None
del256/257	None	None	None	None	ORF3a	None	None	None	None	None	None	None	None	None	None
T11K	None	None	None	None	ORF8	None	None	None	None	None	None	None	None	None	None
P38S	None	None	None	None	ORF8	None	None	None	None	None	None	None	None	None	None
S67F	None	None	None	None	ORF8	None	None	None	None	None	None	None	None	None	None
T205I	None	None	None	None	N	None	None	None	None	None	None	None	None	None	None
S1188L	None	None	None	None	None	None	ORF1a	ORF1a	ORF1a	ORF1a	None	None	None	None	None
K1795Q	None	None	None	None	None	None	ORF1a	ORF1a	ORF1a	ORF1a	None	None	None	None	None
E1264D	None	None	None	None	None	None	ORF1b	ORF1b	ORF1b	ORF1b	None	None	None	None	None
L18F	None	None	None	None	None	None	S	S	S	S	None	None	None	None	None
T20N	None	None	None	None	None	None	S	S	S	S	None	None	None	None	None
P26S	None	None	None	None	None	None	S	S	S	S	None	None	None	None	None
D138Y	None	None	None	None	None	None	S	S	S	S	None	None	None	None	None
R190S	None	None	None	None	None	None	S	S	S	S	None	None	None	None	None
K417T	None	None	None	None	None	None	S	S	S	S	None	None	None	None	None
T1027I	None	None	None	None	None	None	S	S	S	S	None	None	None	None	None
V1176F	None	None	None	None	None	None	S	S	S	S	None	None	None	None	None
S253P	None	None	None	None	None	None	ORF3a	ORF3a	ORF3a	ORF3a	None	None	None	None	None
E92K	None	None	None	None	None	None	ORF8	ORF8	ORF8	ORF8	None	None	None	None	None
P80R	None	None	None	None	None	None	N	N	N	N	None	None	None	None	None
S2947N	None	None	None	None	None	None	None	ORF1a	None	None	None	None	None	None	None
P1640L	None	None	None	None	None	None	None	None	None	None	ORF1a	None	ORF1a	None	None
A3209V	None	None	None	None	None	None	None	None	None	None	ORF1a	None	ORF1a	None	None
V3718A	None	None	None	None	None	None	None	None	None	None	ORF1a	None	ORF1a	None	None
T3750I	None	None	None	None	None	None	None	None	None	None	ORF1a	None	ORF1a	None	None
R188Q	None	None	None	None	None	None	None	None	None	None	ORF1b	None	None	None	None
G662S	None	None	None	None	None	None	None	None	None	None	ORF1b	ORF1b	ORF1b	ORF1b	ORF1b
P1000L	None	None	None	None	None	None	None	None	None	None	ORF1b	ORF1b	ORF1b	ORF1b	ORF1b
T1540I	None	None	None	None	None	None	None	None	None	None	ORF1b	None	None	None	None
T19R	None	None	None	None	None	None	None	None	None	None	S	S	S	S	S
E156G	None	None	None	None	None	None	None	None	None	None	S	S	S	S	S
del157/158	None	None	None	None	None	None	None	None	None	None	S	S	S	S	S
A222V	None	None	None	None	None	None	None	None	None	None	S	None	S	None	None
L452R	None	None	None	None	None	None	None	None	None	None	S	S	S	S	S
T478K	None	None	None	None	None	None	None	None	None	None	S	S	S	S	S
S26L	None	None	None	None	None	None	None	None	None	None	ORF3a	ORF3a	ORF3a	ORF3a	ORF3a
I82T	None	None	None	None	None	None	None	None	None	None	M	M	M	M	M
V82A	None	None	None	None	None	None	None	None	None	None	ORF7a	ORF7a	ORF7a	ORF7a	ORF7a
T120I	None	None	None	None	None	None	None	None	None	None	ORF7a	ORF7a	ORF7a	ORF7a	ORF7a
del119/120	None	None	None	None	None	None	None	None	None	None	ORF8	ORF8	ORF8	ORF8	ORF8
D63G	None	None	None	None	None	None	None	None	None	None	N	N	N	N	N
R203M	None	None	None	None	None	None	None	None	None	None	N	N	N	N	N
D377Y	None	None	None	None	None	None	None	None	None	None	N	N	N	N	N
A1306S	None	None	None	None	None	None	None	None	None	None	None	ORF1a	None	None	ORF1a
P2046L	None	None	None	None	None	None	None	None	None	None	None	ORF1a	None	None	ORF1a
P2287S	None	None	None	None	None	None	None	None	None	None	None	ORF1a	None	None	ORF1a
V2930L	None	None	None	None	None	None	None	None	None	None	None	ORF1a	None	None	ORF1a
T3646A	None	None	None	None	None	None	None	None	None	None	None	ORF1a	None	None	ORF1a
L829I	None	None	None	None	None	None	None	None	None	None	None	ORF1b	None	None	None
A1918V	None	None	None	None	None	None	None	None	None	None	None	ORF1b	None	None	ORF1b
T40I	None	None	None	None	None	None	None	None	None	None	None	ORF7b	None	None	ORF7b
Q9L	None	None	None	None	None	None	None	None	None	None	None	N	None	None	None
G215C	None	None	None	None	None	None	None	None	None	None	None	N	None	None	N
I47T	None	None	None	None	None	None	None	None	None	None	None	None	ORF3a	None	None
Q2034H	None	None	None	None	None	None	None	None	None	None	None	None	None	None	ORF1a
V1170F	None	None	None	None	None	None	None	None	None	None	None	None	None	None	ORF1b
