grupo	muestra	v3.1.16	v3.1.17	v3.1.18	v3.1.19	v3.1.20
COD_2102	muestra 1	B.1.1.7	B.1.1.7	B.1.1.7	B.1.1.7	B.1.1.7
COD_2102	muestra 2	B.1.351	B.1.351	B.1.351	B.1.351	B.1.351
COD_2102	muestra 3	A.28	A.28	A.28	A.28	A.28
COD_2102	muestra 4	B.1.621	B.1.621	B.1.621	B.1.621	B.1.621
COD_2102	muestra 5	P.1	P.1	P.1	P.1	P.1
COD_2102	muestra 6	AY.9.2	AY.9.2	AY.9.2	AY.9.2	AY.9.2
COD_2102	muestra 8	AY.94	AY.94	AY.94	AY.94	AY.94
COD_2102	muestra 9	AY.94	AY.94	AY.94	AY.94	AY.94
COD_2102	muestra 10	AY.43	AY.43	AY.43	AY.43	AY.43
COD_2103	muestra 1	B.1.1.7	B.1.1.7	B.1.1.7	B.1.1.7	B.1.1.7
COD_2103	muestra 2	B.1.351	B.1.351	B.1.351	B.1.351	B.1.351
COD_2103	muestra 3	A.28	A.28	A.28	A.28	A.28
COD_2103	muestra 4	B.1.621	B.1.621	B.1.621	B.1.621	B.1.621
COD_2103	muestra 5	P.1	P.1	P.1	P.1	P.1
COD_2103	muestra 6	AY.9.2	AY.9.2	AY.9.2	AY.9.2	AY.9.2
COD_2103	muestra 8	AY.94	AY.94	AY.94	AY.94	AY.94
COD_2103	muestra 9	AY.94	AY.94	AY.94	AY.94	AY.94
COD_2103	muestra 10	AY.43	AY.43	AY.43	AY.43	AY.43
COD_2104	muestra 1	B.1.1.7	B.1.1.7	B.1.1.7	B.1.1.7	B.1.1.7
COD_2104	muestra 2	B.1.351	B.1.351	B.1.351	B.1.351	B.1.351
COD_2104	muestra 3	A.28	A.28	A.28	A.28	A.28
COD_2104	muestra 4	B.1.621	B.1.621	B.1.621	B.1.621	B.1.621
COD_2104	muestra 5	P.1	P.1	P.1	P.1	P.1
COD_2104	muestra 6	AY.9.2	AY.9.2	AY.9.2	AY.9.2	AY.9.2
COD_2104	muestra 7	AY.43	AY.43	AY.4.9	AY.4.9	AY.4.9
COD_2104	muestra 8	AY.94	AY.94	AY.94	AY.94	AY.94
COD_2104	muestra 9	AY.94	AY.94	AY.94	AY.94	AY.94
COD_2104	muestra 10	AY.43	AY.43	AY.43	AY.43	AY.43
COD_2105	muestra 1	B.1.1.7	B.1.1.7	B.1.1.7	B.1.1.7	B.1.1.7
COD_2105	muestra 2	B.1.351	B.1.351	B.1.351	B.1.351	B.1.351
COD_2105	muestra 3	A.28	A.28	A.28	A.28	A.28
COD_2105	muestra 4	B.1.621	B.1.621	B.1.621	B.1.621	B.1.621
COD_2105	muestra 5	P.1	P.1	P.1	P.1	P.1
COD_2105	muestra 6	AY.9.2	AY.9.2	AY.9.2	AY.9.2	AY.9.2
COD_2105	muestra 9	AY.43	AY.43	AY.43	AY.43	AY.43
COD_2105	muestra 10	AY.43	AY.43	AY.43	AY.43	AY.43
COD_2106_Illumina	muestra 1	B.1.1.7	B.1.1.7	B.1.1.7	B.1.1.7	B.1.1.7
COD_2106_Illumina	muestra 2	B.1.351	B.1.351	B.1.351	B.1.351	B.1.351
COD_2106_Illumina	muestra 3	A.28	A.28	A.28	A.28	A.28
COD_2106_Illumina	muestra 4	B.1.621	B.1.621	B.1.621	B.1.621	B.1.621
COD_2106_Illumina	muestra 5	P.1	P.1	P.1	P.1	P.1
COD_2106_Illumina	muestra 6	AY.9.2	AY.9.2	AY.9.2	AY.9.2	AY.9.2
COD_2106_Illumina	muestra 7	None	None	None	None	None
COD_2106_Illumina	muestra 8	B.1.617.2	B.1.617.2	B.1.617.2	B.1.617.2	B.1.617.2
COD_2106_Illumina	muestra 9	B.1.617.2	B.1.617.2	B.1.617.2	B.1.617.2	B.1.617.2
COD_2106_Illumina	muestra 10	AY.43	AY.43	AY.43	AY.43	AY.43
COD_2106_Nanopore	muestra 1	B.1.1.7	B.1.1.7	B.1.1.7	B.1.1.7	B.1.1.7
COD_2106_Nanopore	muestra 2	B.1.351	B.1.351	B.1.351	B.1.351	B.1.351
COD_2106_Nanopore	muestra 3	A.28	A.28	A.28	A.28	A.28
COD_2106_Nanopore	muestra 4	B.1.621	B.1.621	B.1.621	B.1.621	B.1.621
COD_2106_Nanopore	muestra 5	P.1	P.1	P.1	P.1	P.1
COD_2106_Nanopore	muestra 6	AY.9.2	AY.9.2	AY.9.2	AY.9.2	AY.9.2
COD_2106_Nanopore	muestra 7	None	None	None	None	None
COD_2106_Nanopore	muestra 8	AY.94	AY.94	AY.94	AY.94	AY.94
COD_2106_Nanopore	muestra 9	AY.94	AY.94	AY.94	AY.94	AY.94
COD_2106_Nanopore	muestra 10	AY.43	AY.43	AY.43	AY.43	AY.43
COD_2107_Illumina	muestra 1	B.1.1.7	B.1.1.7	B.1.1.7	B.1.1.7	B.1.1.7
COD_2107_Illumina	muestra 2	B.1.351	B.1.351	B.1.351	B.1.351	B.1.351
COD_2107_Illumina	muestra 3	A.28	A.28	A.28	A.28	A.28
COD_2107_Illumina	muestra 4	B.1.621	B.1.621	B.1.621	B.1.621	B.1.621
COD_2107_Illumina	muestra 5	P.1	P.1	P.1	P.1	P.1
COD_2107_Illumina	muestra 6	AY.9.2	AY.9.2	AY.9.2	AY.9.2	AY.9.2
COD_2107_Illumina	muestra 7	AY.43	AY.43	AY.43	AY.43	AY.43
COD_2107_Illumina	muestra 8	AY.94	AY.94	AY.94	AY.94	AY.94
COD_2107_Illumina	muestra 9	AY.94	AY.94	AY.94	AY.94	AY.94
COD_2107_Illumina	muestra 10	AY.43	AY.43	AY.43	AY.43	AY.43
COD_2107_MinION	muestra 1	B.1.1.7	B.1.1.7	B.1.1.7	B.1.1.7	B.1.1.7
COD_2107_MinION	muestra 2	B.1.351	B.1.351	B.1.351	B.1.351	B.1.351
COD_2107_MinION	muestra 3	A.28	A.28	A.28	A.28	A.28
COD_2107_MinION	muestra 4	B.1.621	B.1.621	B.1.621	B.1.621	B.1.621
COD_2107_MinION	muestra 5	P.1	P.1	P.1	P.1	P.1
COD_2107_MinION	muestra 6	AY.9.2	AY.9.2	AY.9.2	AY.9.2	AY.9.2
COD_2107_MinION	muestra 8	AY.94	AY.94	AY.94	AY.94	AY.94
COD_2107_MinION	muestra 9	AY.94	AY.94	AY.94	AY.94	AY.94
COD_2107_MinION	muestra 10	AY.43	AY.43	AY.43	AY.43	AY.43
COD_2108	muestra 1	B.1.1.7	B.1.1.7	B.1.1.7	B.1.1.7	B.1.1.7
COD_2108	muestra 2	B.1.351	B.1.351	B.1.351	B.1.351	B.1.351
COD_2108	muestra 3	A.28	A.28	A.28	A.28	A.28
COD_2108	muestra 4	B.1.621	B.1.621	B.1.621	B.1.621	B.1.621
COD_2108	muestra 5	P.1	P.1	P.1	P.1	P.1
COD_2108	muestra 6	AY.9.2	AY.9.2	AY.9.2	AY.9.2	AY.9.2
COD_2108	muestra 8	AY.94	AY.94	AY.94	AY.94	AY.94
COD_2108	muestra 9	AY.94	AY.94	AY.94	AY.94	AY.94
COD_2108	muestra 10	AY.43	AY.43	AY.43	AY.43	AY.43
COD_2109	muestra 1	B.1.1.7	B.1.1.7	B.1.1.7	B.1.1.7	B.1.1.7
COD_2109	muestra 2	B.1.351	B.1.351	B.1.351	B.1.351	B.1.351
COD_2109	muestra 3	A.28	A.28	A.28	A.28	A.28
COD_2109	muestra 4	B.1.621	B.1.621	B.1.621	B.1.621	B.1.621
COD_2109	muestra 5	P.1	P.1	P.1	P.1	P.1
COD_2109	muestra 6	AY.9.2	AY.9.2	AY.9.2	AY.9.2	AY.9.2
COD_2109	muestra 7	None	None	None	None	None
COD_2109	muestra 8	AY.94	AY.94	AY.94	AY.94	AY.94
COD_2109	muestra 9	AY.94	AY.94	AY.94	AY.94	AY.94
COD_2109	muestra 10	AY.43	AY.43	AY.43	AY.43	AY.43
COD_2110	muestra 1	B.1.1.7	B.1.1.7	B.1.1.7	B.1.1.7	B.1.1.7
COD_2110	muestra 2	B.1.351	B.1.351	B.1.351	B.1.351	B.1.351
COD_2110	muestra 3	A.28	A.28	A.28	A.28	A.28
COD_2110	muestra 4	B.1.621	B.1.621	B.1.621	B.1.621	B.1.621
COD_2110	muestra 5	P.1	P.1	P.1	P.1	P.1
COD_2110	muestra 6	AY.9.2	AY.9.2	AY.9.2	AY.9.2	AY.9.2
COD_2110	muestra 8	AY.94	AY.94	AY.94	AY.94	AY.94
COD_2110	muestra 9	AY.94	AY.94	AY.94	AY.94	AY.94
COD_2110	muestra 10	AY.43	AY.43	AY.43	AY.43	AY.43
COD_2111	muestra 1	B.1.1.7	B.1.1.7	B.1.1.7	B.1.1.7	B.1.1.7
COD_2111	muestra 2	B.1.351	B.1.351	B.1.351	B.1.351	B.1.351
COD_2111	muestra 3	A.28	A.28	A.28	A.28	A.28
COD_2111	muestra 4	B.1.621	B.1.621	B.1.621	B.1.621	B.1.621
COD_2111	muestra 5	P.1.12	P.1.12	P.1	P.1	P.1
COD_2111	muestra 6	AY.9.2	AY.9.2	AY.9.2	AY.9.2	AY.9.2
COD_2111	muestra 8	AY.94	AY.94	AY.94	AY.94	AY.94
COD_2111	muestra 9	AY.94	AY.94	AY.94	AY.94	AY.94
COD_2111	muestra 10	AY.43	AY.43	AY.43	AY.43	AY.43
COD_2112	muestra 1	B.1.1.7	B.1.1.7	B.1.1.7	B.1.1.7	B.1.1.7
COD_2112	muestra 2	B.1.351	B.1.351	B.1.351	B.1.351	B.1.351
COD_2112	muestra 3	A.28	A.28	A.28	A.28	A.28
COD_2112	muestra 4	B.1.621	B.1.621	B.1.621	B.1.621	B.1.621
COD_2112	muestra 5	P.1	P.1	P.1	P.1	P.1
COD_2112	muestra 6	AY.9.2	AY.9.2	AY.9.2	AY.9.2	AY.9.2
COD_2112	muestra 7	B.1.1.529	BA.1	BA.1.1	BA.1.1	BA.1.1
COD_2112	muestra 8	AY.94	AY.94	AY.94	AY.94	AY.94
COD_2112	muestra 9	AY.94	AY.94	AY.94	AY.94	AY.94
COD_2112	muestra 10	AY.43	AY.43	AY.43	AY.43	AY.43
COD_2113	muestra 1	B.1.1.7	B.1.1.7	B.1.1.7	B.1.1.7	B.1.1.7
COD_2113	muestra 2	B.1.351	B.1.351	B.1.351	B.1.351	B.1.351
COD_2113	muestra 3	A.28	A.28	A.28	A.28	A.28
COD_2113	muestra 4	B.1.621	B.1.621	B.1.621	B.1.621	B.1.621
COD_2113	muestra 5	P.1	P.1	P.1	P.1	P.1
COD_2113	muestra 6	AY.9.2	AY.9.2	AY.9.2	AY.9.2	AY.9.2
COD_2113	muestra 7	None	None	None	None	None
COD_2113	muestra 8	AY.94	AY.94	AY.94	AY.94	AY.94
COD_2113	muestra 9	AY.94	AY.94	AY.94	AY.94	AY.94
COD_2113	muestra 10	AY.43	AY.43	AY.43	AY.43	AY.43
COD_2114	muestra 1	B.1.1.7	B.1.1.7	B.1.1.7	B.1.1.7	B.1.1.7
COD_2114	muestra 2	B.1.351	B.1.351	B.1.351	B.1.351	B.1.351
COD_2114	muestra 3	A.28	A.28	A.28	A.28	A.28
COD_2114	muestra 4	B.1.621	B.1.621	B.1.621	B.1.621	B.1.621
COD_2114	muestra 5	P.1	P.1.14	P.1	P.1	P.1
COD_2114	muestra 6	AY.9.2	AY.9.2	AY.9.2	AY.9.2	AY.9.2
COD_2114	muestra 7	None	None	None	None	None
COD_2114	muestra 8	AY.94	AY.94	AY.94	AY.94	AY.94
COD_2114	muestra 9	AY.94	AY.94	AY.94	AY.94	AY.94
COD_2114	muestra 10	AY.43	AY.43	AY.43	AY.43	AY.43
COD_2115	muestra 1	B.1.1.7	B.1.1.7	B.1.1.7	B.1.1.7	B.1.1.7
COD_2115	muestra 2	B.1.351	B.1.351	B.1.351	B.1.351	B.1.351
COD_2115	muestra 3	A	A.28	A.28	A.28	A.28
COD_2115	muestra 4	B.1.621	B.1.621	B.1.621	B.1.621	B.1.621
COD_2115	muestra 5	P.1	P.1	P.1	P.1	P.1
COD_2115	muestra 6	None	None	None	None	None
COD_2115	muestra 7	AY.43	AY.43	AY.43	AY.43	AY.43
COD_2115	muestra 8	AY.98.1	AY.43	AY.43	AY.43	AY.43
COD_2115	muestra 9	AY.98.1	AY.43	AY.43	AY.43	AY.43
COD_2115	muestra 10	AY.43	AY.43	AY.43	AY.43	AY.43
COD_2116	muestra 1	B.1.1.7	B.1.1.7	B.1.1.7	B.1.1.7	B.1.1.7
COD_2116	muestra 2	B.1.351	B.1.351	B.1.351	B.1.351	B.1.351
COD_2116	muestra 3	A.28	A.28	A.28	A.28	A.28
COD_2116	muestra 4	B.1.621	B.1.621	B.1.621	B.1.621	B.1.621
COD_2116	muestra 5	P.1.14	P.1	P.1	P.1	P.1
COD_2116	muestra 6	AY.9.2	AY.9.2	AY.9.2	AY.9.2	AY.9.2
COD_2116	muestra 8	B.1.617.2	B.1.617.2	B.1.617.2	B.1.617.2	B.1.617.2
COD_2116	muestra 9	AY.94	AY.94	AY.94	AY.94	AY.94
COD_2116	muestra 10	AY.43	AY.43	AY.43	AY.43	AY.43
COD_2117	muestra 1	B.1.1.7	B.1.1.7	B.1.1.7	B.1.1.7	B.1.1.7
COD_2117	muestra 2	B.1.351	B.1.351	B.1.351	B.1.351	B.1.351
COD_2117	muestra 3	A.28	A.28	A.28	A.28	A.28
COD_2117	muestra 4	B.1.621	B.1.621	B.1.621	B.1.621	B.1.621
COD_2117	muestra 5	P.1	P.1	P.1	P.1	P.1
COD_2117	muestra 6	AY.9.2	AY.9.2	AY.9.2	AY.9.2	AY.9.2
COD_2117	muestra 8	AY.94	AY.94	AY.94	AY.94	AY.94
COD_2117	muestra 9	AY.94	AY.94	AY.94	AY.94	AY.94
COD_2117	muestra 10	AY.43	AY.43	AY.43	AY.43	AY.43
COD_2117_protocol2	muestra 1	B.1.1.7	B.1.1.7	B.1.1.7	B.1.1.7	B.1.1.7
COD_2117_protocol2	muestra 2	B.1.351	B.1.351	B.1.351	B.1.351	B.1.351
COD_2117_protocol2	muestra 3	A.28	A.28	A.28	A.28	A.28
COD_2117_protocol2	muestra 4	B.1.621	B.1.621	B.1.621	B.1.621	B.1.621
COD_2117_protocol2	muestra 5	P.1	P.1	P.1	P.1	P.1
COD_2117_protocol2	muestra 6	AY.9.2	AY.9.2	AY.9.2	AY.9.2	AY.9.2
COD_2117_protocol2	muestra 8	AY.94	AY.94	AY.94	AY.94	AY.94
COD_2117_protocol2	muestra 9	AY.94	AY.94	AY.94	AY.94	AY.94
COD_2117_protocol2	muestra 10	AY.43	AY.43	AY.43	AY.43	AY.43
COD_2119	muestra 1	B.1.1.7	B.1.1.7	B.1.1.7	B.1.1.7	B.1.1.7
COD_2119	muestra 2	B.1.351	B.1.351	B.1.351	B.1.351	B.1.351
COD_2119	muestra 3	A.28	A.28	A.28	A.28	A.28
COD_2119	muestra 4	B.1.621	B.1.621	B.1.621	B.1.621	B.1.621
COD_2119	muestra 5	P.1	P.1	P.1	P.1	P.1
COD_2119	muestra 6	AY.9.2	AY.9.2	AY.9.2	AY.9.2	AY.9.2
COD_2119	muestra 7	AY.43	AY.43	AY.43	AY.43	AY.43
COD_2119	muestra 8	AY.94	AY.94	AY.94	AY.94	AY.94
COD_2119	muestra 9	AY.94	AY.94	AY.94	AY.94	AY.94
COD_2119	muestra 10	AY.43	AY.43	AY.43	AY.43	AY.43
COD_2120	muestra 1	B.1.1.7	B.1.1.7	B.1.1.7	B.1.1.7	B.1.1.7
COD_2120	muestra 2	B.1.351	B.1.351	B.1.351	B.1.351	B.1.351
COD_2120	muestra 3	A.28	A.28	A.28	A.28	A.28
COD_2120	muestra 4	B.1.621	B.1.621	B.1.621	B.1.621	B.1.621
COD_2120	muestra 5	P.1	P.1	P.1	P.1	P.1
COD_2120	muestra 6	AY.9.2	AY.9.2	AY.9.2	AY.9.2	AY.9.2
COD_2120	muestra 7	None	None	None	None	None
COD_2120	muestra 8	AY.94	AY.94	AY.94	AY.94	AY.94
COD_2120	muestra 9	AY.94	AY.94	AY.94	AY.94	AY.94
COD_2120	muestra 10	AY.43	AY.43	AY.43	AY.43	AY.43
COD_2121	muestra 1	B.1.1.7	B.1.1.7	B.1.1.7	B.1.1.7	B.1.1.7
COD_2121	muestra 2	B.1.351	B.1.351	B.1.351	B.1.351	B.1.351
COD_2121	muestra 3	A.28	A.28	A.28	A.28	A.28
COD_2121	muestra 4	B.1.621	B.1.621	B.1.621	B.1.621	B.1.621
COD_2121	muestra 5	P.1	P.1	P.1	P.1	P.1
COD_2121	muestra 6	AY.9.2	AY.9.2	AY.9.2	AY.9.2	AY.9.2
COD_2121	muestra 8	AY.94	AY.94	AY.94	AY.94	AY.94
COD_2121	muestra 9	AY.94	AY.94	AY.94	AY.94	AY.94
COD_2121	muestra 10	AY.43	AY.43	AY.43	AY.43	AY.43
COD_2122	muestra 1	B.1.1.7	Q.4	B.1.1.7	B.1.1.7	B.1.1.7
COD_2122	muestra 2	B.1.351	B.1.351	B.1.351	B.1.351	B.1.351
COD_2122	muestra 3	A.28	A.28	A.28	A.28	A.28
COD_2122	muestra 4	B.1.621	B.1.621	B.1.621	B.1.621	B.1.621
COD_2122	muestra 5	P.1	P.1	P.1	P.1	P.1
COD_2122	muestra 6	AY.9.2	AY.9.2	AY.9.2	AY.9.2	AY.9.2
COD_2122	muestra 7	None	None	None	None	None
COD_2122	muestra 8	AY.94	AY.94	AY.94	AY.94	AY.94
COD_2122	muestra 9	AY.94	AY.94	AY.94	AY.94	AY.94
COD_2122	muestra 10	AY.43	AY.43	AY.43	AY.43	AY.43
COD_2123	muestra 1	B.1.1.7	B.1.1.7	B.1.1.7	B.1.1.7	B.1.1.7
COD_2123	muestra 2	B.1.351	B.1.351	B.1.351	B.1.351	B.1.351
COD_2123	muestra 3	A.28	A.28	A.28	A.28	A.28
COD_2123	muestra 4	B.1.621	B.1.621	B.1.621	B.1.621	B.1.621
COD_2123	muestra 5	P.1	P.1.14	P.1	P.1	P.1
COD_2123	muestra 6	AY.9.2	AY.9.2	AY.9.2	AY.9.2	AY.9.2
COD_2123	muestra 7	None	None	None	None	None
COD_2123	muestra 8	AY.44	B.1.617.2	AY.44	AY.44	AY.44
COD_2123	muestra 9	B.1.617.2	B.1.617.2	B.1.617.2	B.1.617.2	B.1.617.2
COD_2123	muestra 10	AY.43	AY.43	AY.43	AY.43	AY.43
COD_2124	muestra 1	B.1.1.7	B.1.1.7	B.1.1.7	B.1.1.7	B.1.1.7
COD_2124	muestra 2	B.1.351	B.1.351	B.1.351	B.1.351	B.1.351
COD_2124	muestra 3	A.28	A.28	A.28	A.28	A.28
COD_2124	muestra 4	B.1.621	B.1.621	B.1.621	B.1.621	B.1.621
COD_2124	muestra 6	AY.9.2	AY.9.2	AY.9.2	AY.9.2	AY.9.2
COD_2124	muestra 8	AY.94	AY.94	AY.94	AY.94	AY.94
COD_2124	muestra 9	AY.94	AY.94	AY.94	AY.94	AY.94
COD_2124	muestra 10	AY.43	AY.43	AY.43	AY.43	AY.43
COD_2125	muestra 1	B.1.1.7	B.1.1.7	B.1.1.7	B.1.1.7	B.1.1.7
COD_2125	muestra 2	B.1.351	B.1.351	B.1.351	B.1.351	B.1.351
COD_2125	muestra 3	A.28	A.28	A.28	A.28	A.28
COD_2125	muestra 4	B.1.621	B.1.621	B.1.621	B.1.621	B.1.621
COD_2125	muestra 5	P.1	P.1	P.1	P.1	P.1
COD_2125	muestra 6	AY.9.2	AY.9.2	AY.9.2	AY.9.2	AY.9.2
COD_2125	muestra 7	None	None	None	None	None
COD_2125	muestra 8	AY.94	AY.94	AY.94	AY.94	AY.94
COD_2125	muestra 9	AY.94	AY.94	AY.94	AY.94	AY.94
COD_2125	muestra 10	AY.43	AY.43	AY.43	AY.43	AY.43
COD_2126	muestra 1	B.1.1.7	B.1.1.7	B.1.1.7	B.1.1.7	B.1.1.7
COD_2126	muestra 2	B.1.351	B.1.351	B.1.351	B.1.351	B.1.351
COD_2126	muestra 3	A.28	A.28	A.28	A.28	A.28
COD_2126	muestra 4	B.1.621	B.1.621	B.1.621	B.1.621	B.1.621
COD_2126	muestra 5	P.1	P.1	P.1	P.1	P.1
COD_2126	muestra 6	AY.9.2	AY.9.2	AY.9.2	AY.9.2	AY.9.2
COD_2126	muestra 7	AY.44	AY.82	AY.122	AY.122	AY.122
COD_2126	muestra 8	B.1.617.2	B.1.617.2	B.1.617.2	B.1.617.2	B.1.617.2
COD_2126	muestra 9	AY.94	AY.94	AY.94	AY.94	AY.94
COD_2126	muestra 10	AY.43	AY.43	AY.43	AY.43	AY.43
COD_2127	muestra 1	B.1.1.7	B.1.1.7	B.1.1.7	B.1.1.7	B.1.1.7
COD_2127	muestra 2	B.1.351	B.1.351	B.1.351	B.1.351	B.1.351
COD_2127	muestra 3	A.28	A.28	A.28	A.28	A.28
COD_2127	muestra 4	B.1.621	B.1.621	B.1.621	B.1.621	B.1.621
COD_2127	muestra 5	P.1	P.1	P.1	P.1	P.1
COD_2127	muestra 6	AY.9.2	AY.9.2	AY.9.2	AY.9.2	AY.9.2
COD_2127	muestra 8	AY.94	AY.94	AY.94	AY.94	AY.94
COD_2127	muestra 9	AY.94	AY.94	AY.94	AY.94	AY.94
COD_2127	muestra 10	AY.43	AY.43	AY.43	AY.43	AY.43
COD_2129	muestra 1	B.1.1.7	B.1.1.7	B.1.1.7	B.1.1.7	B.1.1.7
COD_2129	muestra 2	B.1.351	B.1.351	B.1.351	B.1.351	B.1.351
COD_2129	muestra 3	A.28	A.28	A.28	A.28	A.28
COD_2129	muestra 4	B.1.621	B.1.621	B.1.621	B.1.621	B.1.621
COD_2129	muestra 5	P.1	P.1	P.1	P.1	P.1
COD_2129	muestra 6	AY.9.2	AY.9.2	AY.9.2	AY.9.2	AY.9.2
COD_2129	muestra 7	None	None	None	None	None
COD_2129	muestra 8	AY.94	AY.94	AY.94	AY.94	AY.94
COD_2129	muestra 9	AY.94	AY.94	AY.94	AY.94	AY.94
COD_2129	muestra 10	AY.43	AY.43	AY.43	AY.43	AY.43
COD_2131	muestra 1	B.1.1.7	B.1.1.7	B.1.1.7	B.1.1.7	B.1.1.7
COD_2131	muestra 2	B.1.351	B.1.351	B.1.351	B.1.351	B.1.351
COD_2131	muestra 3	A.28	A.28	A.28	A.28	A.28
COD_2131	muestra 4	B.1.621	B.1.621	B.1.621	B.1.621	B.1.621
COD_2131	muestra 5	P.1	P.1	P.1	P.1	P.1
COD_2131	muestra 6	AY.9.2	AY.9.2	AY.9.2	AY.9.2	AY.9.2
COD_2131	muestra 7	None	None	None	None	None
COD_2131	muestra 8	AY.94	AY.94	AY.94	AY.94	AY.94
COD_2131	muestra 9	AY.94	AY.94	AY.94	AY.94	AY.94
COD_2131	muestra 10	AY.43	AY.43	AY.43	AY.43	AY.43
COD_2132	muestra 1	B.1.1.7	B.1.1.7	B.1.1.7	B.1.1.7	B.1.1.7
COD_2132	muestra 2	B.1.351	B.1.351	B.1.351	B.1.351	B.1.351
COD_2132	muestra 3	A.28	A.28	A.28	A.28	A.28
COD_2132	muestra 4	B.1.621	B.1.621	B.1.621	B.1.621	B.1.621
COD_2132	muestra 5	P.1	P.1.14	P.1.14	P.1.14	P.1.14
COD_2132	muestra 6	AY.9.2	AY.9.2	AY.9.2	AY.9.2	AY.9.2
COD_2132	muestra 7	AY.43	AY.43	AY.43	AY.43	AY.43
COD_2132	muestra 8	AY.94	AY.94	AY.94	AY.94	AY.94
COD_2132	muestra 9	AY.94	AY.94	AY.94	AY.94	AY.94
COD_2132	muestra 10	AY.43	AY.43	AY.43	AY.43	AY.43
COD_2134	muestra 1	B.1.1.7	B.1.1.7	B.1.1.7	B.1.1.7	B.1.1.7
COD_2134	muestra 2	B.1.351	B.1.351	B.1.351	B.1.351	B.1.351
COD_2134	muestra 3	A.28	A.28	A.28	A.28	A.28
COD_2134	muestra 4	B.1.621	B.1.621	B.1.621	B.1.621	B.1.621
COD_2134	muestra 5	P.1	P.1	P.1	P.1	P.1
COD_2134	muestra 6	AY.9.2	AY.9.2	AY.9.2	AY.9.2	AY.9.2
COD_2134	muestra 7	AY.43	AY.43	AY.43	AY.43	AY.43
COD_2134	muestra 8	AY.94	AY.94	AY.94	AY.94	AY.94
COD_2134	muestra 9	AY.94	AY.94	AY.94	AY.94	AY.94
COD_2134	muestra 10	AY.43	AY.43	AY.43	AY.43	AY.43
COD_2135	muestra 1	B.1.1.7	B.1.1.7	B.1.1.7	B.1.1.7	B.1.1.7
COD_2135	muestra 2	B.1.351	B.1.351	B.1.351	B.1.351	B.1.351
COD_2135	muestra 3	A.28	A.28	A.28	A.28	A.28
COD_2135	muestra 4	B.1.621	B.1.621	B.1.621	B.1.621	B.1.621
COD_2135	muestra 5	P.1	P.1	P.1	P.1	P.1
COD_2135	muestra 6	AY.9.2	AY.9.2	AY.9.2	AY.9.2	AY.9.2
COD_2135	muestra 7	B.1.1.263	None	B.1.1.263	B.1.1.263	B.1.1.263
COD_2135	muestra 8	AY.94	AY.94	AY.94	AY.94	AY.94
COD_2135	muestra 9	AY.94	AY.94	AY.94	AY.94	AY.94
COD_2135	muestra 10	AY.43	AY.43	AY.43	AY.43	AY.43
COD_2136	muestra 1	B.1.1.7	B.1.1.7	B.1.1.7	B.1.1.7	B.1.1.7
COD_2136	muestra 2	B.1.351	B.1.351	B.1.351	B.1.351	B.1.351
COD_2136	muestra 3	A.28	A.28	A.28	A.28	A.28
COD_2136	muestra 4	B.1.621	B.1.621	B.1.621	B.1.621	B.1.621
COD_2136	muestra 5	P.1	P.1	P.1	P.1	P.1
COD_2136	muestra 6	AY.9.2	AY.9.2	AY.9.2	AY.9.2	AY.9.2
COD_2136	muestra 7	AY.43	AY.43	AY.43	AY.43	AY.43
COD_2136	muestra 8	AY.94	AY.94	AY.94	AY.94	AY.94
COD_2136	muestra 9	AY.94	AY.94	AY.94	AY.94	AY.94
COD_2136	muestra 10	AY.43	AY.43	AY.43	AY.43	AY.43
COD_2137	muestra 1	B.1.1.7	B.1.1.7	B.1.1.7	B.1.1.7	B.1.1.7
COD_2137	muestra 2	B.1.351	B.1.351	B.1.351	B.1.351	B.1.351
COD_2137	muestra 3	A.28	A.28	A.28	A.28	A.28
COD_2137	muestra 4	B.1.621	B.1.621	B.1.621	B.1.621	B.1.621
COD_2137	muestra 5	P.1	P.1	P.1	P.1	None
COD_2137	muestra 6	AY.43	AY.43	AY.43	AY.43	AY.43
COD_2137	muestra 7	AY.43	AY.43	AY.43	AY.43	AY.43
COD_2137	muestra 8	AY.94	AY.94	AY.94	AY.94	AY.94
COD_2137	muestra 9	AY.94	AY.94	AY.94	AY.94	AY.94
COD_2137	muestra 10	AY.43	AY.43	AY.43	AY.43	AY.43
COD_2139	muestra 1	B.1.1.7	B.1.1.7	B.1.1.7	B.1.1.7	B.1.1.7
COD_2139	muestra 2	B.1.351	B.1.351	B.1.351	B.1.351	B.1.351
COD_2139	muestra 3	A.28	A.28	A.28	A.28	A.28
COD_2139	muestra 4	B.1.621	B.1.621	B.1.621	B.1.621	B.1.621
COD_2139	muestra 5	P.1	P.1	P.1	P.1	P.1
COD_2139	muestra 6	AY.9.2	AY.9.2	AY.9.2	AY.9.2	AY.9.2
COD_2139	muestra 7	AY.43	AY.43	AY.43	AY.43	AY.43
COD_2139	muestra 8	B.1.617.2	B.1.617.2	B.1.617.2	B.1.617.2	B.1.617.2
COD_2139	muestra 9	B.1.617.2	B.1.617.2	B.1.617.2	B.1.617.2	B.1.617.2
COD_2139	muestra 10	AY.43	AY.43	AY.43	AY.43	AY.43
COD_2140	muestra 1	B.1.1.7	B.1.1.7	B.1.1.7	B.1.1.7	B.1.1.7
COD_2140	muestra 2	B.1.351	B.1.351	B.1.351	B.1.351	B.1.351
COD_2140	muestra 3	A.28	A.28	A.28	A.28	A.28
COD_2140	muestra 4	B.1.621	B.1.621	B.1.621	B.1.621	B.1.621
COD_2140	muestra 5	P.1	P.1	P.1	P.1	P.1
COD_2140	muestra 6	AY.61	AY.61	AY.9.2	AY.9.2	AY.9.2
COD_2140	muestra 7	AY.43	AY.43	AY.43	AY.43	AY.43
COD_2140	muestra 8	AY.94	AY.94	AY.94	AY.94	AY.94
COD_2140	muestra 9	AY.94	AY.94	AY.94	AY.94	AY.94
COD_2140	muestra 10	AY.43	AY.43	AY.43	AY.43	AY.43
COD_2141	muestra 1	B.1.1.7	B.1.1.7	B.1.1.7	B.1.1.7	B.1.1.7
COD_2141	muestra 2	B.1.351	B.1.351	B.1.351	B.1.351	B.1.351
COD_2141	muestra 3	A.28	A.28	A.28	A.28	A.28
COD_2141	muestra 4	B.1.621	B.1.621	B.1.621	B.1.621	B.1.621
COD_2141	muestra 5	P.1	P.1	P.1	P.1	P.1
COD_2141	muestra 6	AY.9.2	AY.9.2	AY.9.2	AY.9.2	AY.9.2
COD_2141	muestra 7	AY.43	AY.43	AY.43	AY.43	AY.43
COD_2141	muestra 8	AY.94	AY.94	AY.94	AY.94	AY.94
COD_2141	muestra 9	AY.94	AY.94	AY.94	AY.94	AY.94
COD_2141	muestra 10	AY.43	AY.43	AY.43	AY.43	AY.43
COD_2143	muestra 1	B.1.1.7	B.1.1.7	B.1.1.7	B.1.1.7	B.1.1.7
COD_2143	muestra 2	B.1.351	B.1.351	B.1.351	B.1.351	B.1.351
COD_2143	muestra 3	A.28	A.28	A.28	A.28	A.28
COD_2143	muestra 4	B.1.621	B.1.621	B.1.621	B.1.621	B.1.621
COD_2143	muestra 5	P.1	P.1	P.1	P.1	P.1
COD_2143	muestra 6	AY.9.2	AY.9.2	AY.9.2	AY.9.2	AY.9.2
COD_2143	muestra 7	AY.43	AY.43	AY.43	AY.43	AY.43
COD_2143	muestra 8	AY.94	AY.94	AY.94	AY.94	AY.94
COD_2143	muestra 9	AY.94	AY.94	AY.94	AY.94	AY.94
COD_2143	muestra 10	AY.43	AY.43	AY.43	AY.43	AY.43
