id	sample	lineage	version
COD_2141	10	AY.43	v3.1.16
COD_2141	1	B.1.1.7	v3.1.16
COD_2141	2	B.1.351	v3.1.16
COD_2141	3	A.28	v3.1.16
COD_2141	4	B.1.621	v3.1.16
COD_2141	5	P.1	v3.1.16
COD_2141	6	AY.9.2	v3.1.16
COD_2141	7	AY.43	v3.1.16
COD_2141	8	AY.94	v3.1.16
COD_2141	9	AY.94	v3.1.16
COD_2107	10	AY.43	v3.1.16
COD_2107	1	B.1.1.7	v3.1.16
COD_2107	2	B.1.351	v3.1.16
COD_2107	3	A.28	v3.1.16
COD_2107	4	B.1.621	v3.1.16
COD_2107	5	P.1	v3.1.16
COD_2107	6	AY.9.2	v3.1.16
COD_2107	7	AY.43	v3.1.16
COD_2107	8	AY.94	v3.1.16
COD_2107	9	AY.94	v3.1.16
COD_2108	10	AY.43	v3.1.16
COD_2108	1	B.1.1.7	v3.1.16
COD_2108	2	B.1.351	v3.1.16
COD_2108	3	A.28	v3.1.16
COD_2108	4	B.1.621	v3.1.16
COD_2108	5	P.1	v3.1.16
COD_2108	6	AY.9.2	v3.1.16
COD_2108	8	AY.94	v3.1.16
COD_2108	9	AY.94	v3.1.16
COD_2110	10	AY.43	v3.1.16
COD_2110	1	B.1.1.7	v3.1.16
COD_2110	2	B.1.351	v3.1.16
COD_2110	3	A.28	v3.1.16
COD_2110	4	B.1.621	v3.1.16
COD_2110	5	P.1	v3.1.16
COD_2110	6	AY.9.2	v3.1.16
COD_2110	8	AY.94	v3.1.16
COD_2110	9	AY.94	v3.1.16
COD_2112	10	AY.43	v3.1.16
COD_2112	1	B.1.1.7	v3.1.16
COD_2112	2	B.1.351	v3.1.16
COD_2112	3	A.28	v3.1.16
COD_2112	4	B.1.621	v3.1.16
COD_2112	5	P.1	v3.1.16
COD_2112	6	None	v3.1.16
COD_2112	7	None	v3.1.16
COD_2112	8	AY.94	v3.1.16
COD_2112	9	AY.94	v3.1.16
COD_2113	10	AY.43	v3.1.16
COD_2113	1	B.1.1.7	v3.1.16
COD_2113	2	B.1.351	v3.1.16
COD_2113	3	A.28	v3.1.16
COD_2113	4	B.1.621	v3.1.16
COD_2113	5	P.1	v3.1.16
COD_2113	6	AY.9.2	v3.1.16
COD_2113	8	AY.94	v3.1.16
COD_2113	9	AY.94	v3.1.16
COD_2114	10	AY.43	v3.1.16
COD_2114	1	B.1.1.7	v3.1.16
COD_2114	2	B.1.351	v3.1.16
COD_2114	3	A.28	v3.1.16
COD_2114	4	B.1.621	v3.1.16
COD_2114	5	P.1.15	v3.1.16
COD_2114	6	AY.9.2	v3.1.16
COD_2114	8	AY.94	v3.1.16
COD_2114	9	AY.94	v3.1.16
COD_2116	10	AY.43	v3.1.16
COD_2116	1	B.1.1.7	v3.1.16
COD_2116	2	B.1.351	v3.1.16
COD_2116	3	A.28	v3.1.16
COD_2116	4	B.1.621	v3.1.16
COD_2116	5	P.1.14	v3.1.16
COD_2116	6	AY.9.2	v3.1.16
COD_2116	8	B.1.617.2	v3.1.16
COD_2116	9	AY.94	v3.1.16
COD_2121	10	AY.43	v3.1.16
COD_2121	1	B.1.1.7	v3.1.16
COD_2121	2	B.1.351	v3.1.16
COD_2121	3	A.28	v3.1.16
COD_2121	4	B.1.621	v3.1.16
COD_2121	5	P.1	v3.1.16
COD_2121	6	AY.9.2	v3.1.16
COD_2121	8	AY.94	v3.1.16
COD_2121	9	AY.94	v3.1.16
COD_2123	10	AY.43	v3.1.16
COD_2123	1	B.1.1.7	v3.1.16
COD_2123	2	B.1.351	v3.1.16
COD_2123	3	A.28	v3.1.16
COD_2123	4	B.1.621	v3.1.16
COD_2123	5	P.1.14	v3.1.16
COD_2123	6	AY.9.2	v3.1.16
COD_2123	8	AY.94	v3.1.16
COD_2123	9	AY.94	v3.1.16
COD_2124	10	AY.43	v3.1.16
COD_2124	1	B.1.1.7	v3.1.16
COD_2124	2	B.1.351	v3.1.16
COD_2124	3	A.28	v3.1.16
COD_2124	4	B.1.621	v3.1.16
COD_2124	6	AY.9.2	v3.1.16
COD_2124	8	AY.94	v3.1.16
COD_2124	9	AY.94	v3.1.16
COD_2125	10	AY.43	v3.1.16
COD_2125	1	B.1.1.7	v3.1.16
COD_2125	2	B.1.351	v3.1.16
COD_2125	3	A.28	v3.1.16
COD_2125	4	B.1.621	v3.1.16
COD_2125	5	P.1	v3.1.16
COD_2125	6	AY.9.2	v3.1.16
COD_2125	8	AY.94	v3.1.16
COD_2125	9	AY.94	v3.1.16
COD_2126	10	AY.43	v3.1.16
COD_2126	1	B.1.1.7	v3.1.16
COD_2126	2	B.1.351	v3.1.16
COD_2126	3	A.28	v3.1.16
COD_2126	4	B.1.621	v3.1.16
COD_2126	5	P.1	v3.1.16
COD_2126	6	AY.9.2	v3.1.16
COD_2126	7	AY.44	v3.1.16
COD_2126	8	AY.94	v3.1.16
COD_2126	9	AY.94	v3.1.16
COD_2132	10	AY.43	v3.1.16
COD_2132	1	B.1.1.7	v3.1.16
COD_2132	2	B.1.351	v3.1.16
COD_2132	3	A.28	v3.1.16
COD_2132	4	B.1.621	v3.1.16
COD_2132	5	P.1	v3.1.16
COD_2132	6	None	v3.1.16
COD_2132	7	AY.43	v3.1.16
COD_2132	8	B.1.617.2	v3.1.16
COD_2132	9	B.1.617.2	v3.1.16
COD_2134	10	AY.43	v3.1.16
COD_2134	1	B.1.1.7	v3.1.16
COD_2134	2	B.1.351	v3.1.16
COD_2134	3	A.28	v3.1.16
COD_2134	4	B.1.621	v3.1.16
COD_2134	5	P.1	v3.1.16
COD_2134	6	AY.9.2	v3.1.16
COD_2134	7	AY.43	v3.1.16
COD_2134	8	AY.94	v3.1.16
COD_2134	9	AY.94	v3.1.16
COD_2139	10	AY.43	v3.1.16
COD_2139	1	B.1.1.7	v3.1.16
COD_2139	2	B.1.351	v3.1.16
COD_2139	3	A.28	v3.1.16
COD_2139	4	B.1.621	v3.1.16
COD_2139	5	P.1	v3.1.16
COD_2139	6	AY.9.2	v3.1.16
COD_2139	7	AY.43	v3.1.16
COD_2139	8	AY.94	v3.1.16
COD_2139	9	AY.94	v3.1.16
COD_2103	10	AY.43	v3.1.16
COD_2103	1	B.1.1.7	v3.1.16
COD_2103	2	B.1.351	v3.1.16
COD_2103	3	A.28	v3.1.16
COD_2103	4	B.1.621	v3.1.16
COD_2103	5	P.1	v3.1.16
COD_2103	6	AY.9.2	v3.1.16
COD_2103	8	AY.94	v3.1.16
COD_2103	9	AY.94	v3.1.16
COD_2109	10	AY.43	v3.1.16
COD_2109	1	B.1.1.7	v3.1.16
COD_2109	2	B.1.351	v3.1.16
COD_2109	3	A.28	v3.1.16
COD_2109	4	B.1.621	v3.1.16
COD_2109	5	P.1	v3.1.16
COD_2109	6	AY.9.2	v3.1.16
COD_2109	8	AY.94	v3.1.16
COD_2109	9	AY.94	v3.1.16
COD_2117	10	AY.43	v3.1.16
COD_2117	1	B.1.1.7	v3.1.16
COD_2117	2	B.1.351	v3.1.16
COD_2117	3	A.28	v3.1.16
COD_2117	4	B.1.621	v3.1.16
COD_2117	5	P.1	v3.1.16
COD_2117	6	AY.9.2	v3.1.16
COD_2117	8	AY.94	v3.1.16
COD_2117	9	AY.94	v3.1.16
COD_2122	10	AY.43	v3.1.16
COD_2122	1	B.1.1.7	v3.1.16
COD_2122	2	B.1.351	v3.1.16
COD_2122	3	A.28	v3.1.16
COD_2122	4	B.1.621	v3.1.16
COD_2122	5	P.1	v3.1.16
COD_2122	6	AY.9.2	v3.1.16
COD_2122	8	AY.94	v3.1.16
COD_2122	9	AY.94	v3.1.16
COD_2129	10	AY.43	v3.1.16
COD_2129	1	B.1.1.7	v3.1.16
COD_2129	2	B.1.351	v3.1.16
COD_2129	3	A.28	v3.1.16
COD_2129	4	B.1.621	v3.1.16
COD_2129	5	P.1	v3.1.16
COD_2129	6	AY.9.2	v3.1.16
COD_2129	8	AY.94	v3.1.16
COD_2129	9	AY.94	v3.1.16
COD_2135	10	AY.43	v3.1.16
COD_2135	1	B.1.1.7	v3.1.16
COD_2135	2	B.1.351	v3.1.16
COD_2135	3	A.28	v3.1.16
COD_2135	4	B.1.621	v3.1.16
COD_2135	5	P.1	v3.1.16
COD_2135	6	AY.9.2	v3.1.16
COD_2135	7	None	v3.1.16
COD_2135	8	AY.94	v3.1.16
COD_2135	9	AY.94	v3.1.16
COD_2137	10	None	v3.1.16
COD_2137	1	B.1.1	v3.1.16
COD_2137	2	B.1.351	v3.1.16
COD_2137	3	A	v3.1.16
COD_2137	4	B.1	v3.1.16
COD_2137	5	P.1	v3.1.16
COD_2137	6	AY.75.1	v3.1.16
COD_2137	7	AY.43	v3.1.16
COD_2137	8	AY.94	v3.1.16
COD_2137	9	AY.94	v3.1.16
COD_2131	10	AY.43	v3.1.16
COD_2131	2	B.1.351	v3.1.16
COD_2131	3	A.28	v3.1.16
COD_2131	4	B.1.621	v3.1.16
COD_2131	5	P.1	v3.1.16
COD_2131	6	AY.9.2	v3.1.16
COD_2131	8	AY.94	v3.1.16
COD_2131	9	AY.94	v3.1.16
COD_2111	10	AY.43	v3.1.16
COD_2111	1	B.1.1.7	v3.1.16
COD_2111	2	B.1.351	v3.1.16
COD_2111	3	A.28	v3.1.16
COD_2111	4	B.1.621	v3.1.16
COD_2111	5	P.1.12	v3.1.16
COD_2111	6	AY.9.2	v3.1.16
COD_2111	8	AY.94	v3.1.16
COD_2111	9	AY.94	v3.1.16
COD_2110	7	None	v3.1.16
COD_2113	7	None	v3.1.16
COD_2114	7	None	v3.1.16
COD_2121	7	None	v3.1.16
COD_2123	7	None	v3.1.16
COD_2125	7	None	v3.1.16
COD_2109	7	None	v3.1.16
COD_2117	7	None	v3.1.16
COD_2122	7	None	v3.1.16
COD_2129	7	None	v3.1.16
COD_2141	10	AY.43	v3.1.17
COD_2141	1	B.1.1.7	v3.1.17
COD_2141	2	B.1.351	v3.1.17
COD_2141	3	A.28	v3.1.17
COD_2141	4	B.1.621	v3.1.17
COD_2141	5	P.1	v3.1.17
COD_2141	6	AY.9.2	v3.1.17
COD_2141	7	AY.43	v3.1.17
COD_2141	8	AY.94	v3.1.17
COD_2141	9	AY.94	v3.1.17
COD_2107	10	AY.43	v3.1.17
COD_2107	1	B.1.1.7	v3.1.17
COD_2107	2	B.1.351	v3.1.17
COD_2107	3	A.28	v3.1.17
COD_2107	4	B.1.621	v3.1.17
COD_2107	5	P.1	v3.1.17
COD_2107	6	AY.9.2	v3.1.17
COD_2107	7	AY.43	v3.1.17
COD_2107	8	AY.94	v3.1.17
COD_2107	9	AY.94	v3.1.17
COD_2108	10	AY.43	v3.1.17
COD_2108	1	B.1.1.7	v3.1.17
COD_2108	2	B.1.351	v3.1.17
COD_2108	3	A.28	v3.1.17
COD_2108	4	B.1.621	v3.1.17
COD_2108	5	P.1	v3.1.17
COD_2108	6	AY.9.2	v3.1.17
COD_2108	8	AY.94	v3.1.17
COD_2108	9	AY.94	v3.1.17
COD_2110	10	AY.43	v3.1.17
COD_2110	1	B.1.1.7	v3.1.17
COD_2110	2	B.1.351	v3.1.17
COD_2110	3	A.28	v3.1.17
COD_2110	4	B.1.621	v3.1.17
COD_2110	5	P.1	v3.1.17
COD_2110	6	AY.9.2	v3.1.17
COD_2110	8	AY.94	v3.1.17
COD_2110	9	AY.94	v3.1.17
COD_2112	10	AY.43	v3.1.17
COD_2112	1	B.1.1.7	v3.1.17
COD_2112	2	B.1.351	v3.1.17
COD_2112	3	A.28	v3.1.17
COD_2112	4	B.1.621	v3.1.17
COD_2112	5	P.1	v3.1.17
COD_2112	6	None	v3.1.17
COD_2112	7	BA.1	v3.1.17
COD_2112	8	AY.94	v3.1.17
COD_2112	9	AY.94	v3.1.17
COD_2113	10	AY.43	v3.1.17
COD_2113	1	B.1.1.7	v3.1.17
COD_2113	2	B.1.351	v3.1.17
COD_2113	3	A.28	v3.1.17
COD_2113	4	B.1.621	v3.1.17
COD_2113	5	P.1	v3.1.17
COD_2113	6	AY.9.2	v3.1.17
COD_2113	8	AY.94	v3.1.17
COD_2113	9	AY.94	v3.1.17
COD_2114	10	AY.43	v3.1.17
COD_2114	1	B.1.1.7	v3.1.17
COD_2114	2	B.1.351	v3.1.17
COD_2114	3	A.28	v3.1.17
COD_2114	4	B.1.621	v3.1.17
COD_2114	5	P.1.15	v3.1.17
COD_2114	6	AY.9.2	v3.1.17
COD_2114	8	AY.94	v3.1.17
COD_2114	9	AY.94	v3.1.17
COD_2116	10	AY.43	v3.1.17
COD_2116	1	B.1.1.7	v3.1.17
COD_2116	2	B.1.351	v3.1.17
COD_2116	3	A.28	v3.1.17
COD_2116	4	B.1.621	v3.1.17
COD_2116	5	P.1	v3.1.17
COD_2116	6	AY.9.2	v3.1.17
COD_2116	8	B.1.617.2	v3.1.17
COD_2116	9	AY.94	v3.1.17
COD_2121	10	AY.43	v3.1.17
COD_2121	1	B.1.1.7	v3.1.17
COD_2121	2	B.1.351	v3.1.17
COD_2121	3	A.28	v3.1.17
COD_2121	4	B.1.621	v3.1.17
COD_2121	5	P.1	v3.1.17
COD_2121	6	AY.9.2	v3.1.17
COD_2121	8	AY.94	v3.1.17
COD_2121	9	AY.94	v3.1.17
COD_2123	10	AY.43	v3.1.17
COD_2123	1	B.1.1.7	v3.1.17
COD_2123	2	B.1.351	v3.1.17
COD_2123	3	A.28	v3.1.17
COD_2123	4	B.1.621	v3.1.17
COD_2123	5	P.1	v3.1.17
COD_2123	6	AY.9.2	v3.1.17
COD_2123	8	AY.94	v3.1.17
COD_2123	9	AY.94	v3.1.17
COD_2124	10	AY.43	v3.1.17
COD_2124	1	B.1.1.7	v3.1.17
COD_2124	2	B.1.351	v3.1.17
COD_2124	3	A.28	v3.1.17
COD_2124	4	B.1.621	v3.1.17
COD_2124	6	AY.9.2	v3.1.17
COD_2124	8	AY.94	v3.1.17
COD_2124	9	AY.94	v3.1.17
COD_2125	10	AY.43	v3.1.17
COD_2125	1	B.1.1.7	v3.1.17
COD_2125	2	B.1.351	v3.1.17
COD_2125	3	A.28	v3.1.17
COD_2125	4	B.1.621	v3.1.17
COD_2125	5	P.1	v3.1.17
COD_2125	6	AY.9.2	v3.1.17
COD_2125	8	AY.94	v3.1.17
COD_2125	9	AY.94	v3.1.17
COD_2126	10	AY.43	v3.1.17
COD_2126	1	B.1.1.7	v3.1.17
COD_2126	2	B.1.351	v3.1.17
COD_2126	3	A.28	v3.1.17
COD_2126	4	B.1.621	v3.1.17
COD_2126	5	P.1	v3.1.17
COD_2126	6	AY.9.2	v3.1.17
COD_2126	7	AY.122	v3.1.17
COD_2126	8	AY.94	v3.1.17
COD_2126	9	AY.94	v3.1.17
COD_2132	10	AY.43	v3.1.17
COD_2132	1	B.1.1.7	v3.1.17
COD_2132	2	B.1.351	v3.1.17
COD_2132	3	A.28	v3.1.17
COD_2132	4	B.1.621	v3.1.17
COD_2132	5	P.1	v3.1.17
COD_2132	6	None	v3.1.17
COD_2132	7	AY.122.1	v3.1.17
COD_2132	8	B.1.617.2	v3.1.17
COD_2132	9	B.1.617.2	v3.1.17
COD_2134	10	AY.43	v3.1.17
COD_2134	1	B.1.1.7	v3.1.17
COD_2134	2	B.1.351	v3.1.17
COD_2134	3	A.28	v3.1.17
COD_2134	4	B.1.621	v3.1.17
COD_2134	5	P.1	v3.1.17
COD_2134	6	AY.9.2	v3.1.17
COD_2134	7	AY.43	v3.1.17
COD_2134	8	AY.94	v3.1.17
COD_2134	9	AY.94	v3.1.17
COD_2139	10	AY.43	v3.1.17
COD_2139	1	B.1.1.7	v3.1.17
COD_2139	2	B.1.351	v3.1.17
COD_2139	3	A.28	v3.1.17
COD_2139	4	B.1.621	v3.1.17
COD_2139	5	P.1	v3.1.17
COD_2139	6	AY.9.2	v3.1.17
COD_2139	7	AY.43	v3.1.17
COD_2139	8	AY.94	v3.1.17
COD_2139	9	AY.94	v3.1.17
COD_2103	10	AY.43	v3.1.17
COD_2103	1	B.1.1.7	v3.1.17
COD_2103	2	B.1.351	v3.1.17
COD_2103	3	A.28	v3.1.17
COD_2103	4	B.1.621	v3.1.17
COD_2103	5	P.1	v3.1.17
COD_2103	6	AY.9.2	v3.1.17
COD_2103	8	AY.94	v3.1.17
COD_2103	9	AY.94	v3.1.17
COD_2109	10	AY.43	v3.1.17
COD_2109	1	B.1.1.7	v3.1.17
COD_2109	2	B.1.351	v3.1.17
COD_2109	3	A.28	v3.1.17
COD_2109	4	B.1.621	v3.1.17
COD_2109	5	P.1	v3.1.17
COD_2109	6	AY.9.2	v3.1.17
COD_2109	8	AY.94	v3.1.17
COD_2109	9	AY.94	v3.1.17
COD_2117	10	AY.43	v3.1.17
COD_2117	1	B.1.1.7	v3.1.17
COD_2117	2	B.1.351	v3.1.17
COD_2117	3	A.28	v3.1.17
COD_2117	4	B.1.621	v3.1.17
COD_2117	5	P.1	v3.1.17
COD_2117	6	AY.9.2	v3.1.17
COD_2117	8	AY.94	v3.1.17
COD_2117	9	AY.94	v3.1.17
COD_2122	10	AY.43	v3.1.17
COD_2122	1	Q.4	v3.1.17
COD_2122	2	B.1.351	v3.1.17
COD_2122	3	A.28	v3.1.17
COD_2122	4	B.1.621	v3.1.17
COD_2122	5	P.1	v3.1.17
COD_2122	6	AY.9.2	v3.1.17
COD_2122	8	AY.94	v3.1.17
COD_2122	9	AY.94	v3.1.17
COD_2129	10	AY.43	v3.1.17
COD_2129	1	B.1.1.7	v3.1.17
COD_2129	2	B.1.351	v3.1.17
COD_2129	3	A.28	v3.1.17
COD_2129	4	B.1.621	v3.1.17
COD_2129	5	P.1	v3.1.17
COD_2129	6	AY.9.2	v3.1.17
COD_2129	8	AY.94	v3.1.17
COD_2129	9	AY.94	v3.1.17
COD_2135	10	AY.43	v3.1.17
COD_2135	1	B.1.1.7	v3.1.17
COD_2135	2	B.1.351	v3.1.17
COD_2135	3	A.28	v3.1.17
COD_2135	4	B.1.621	v3.1.17
COD_2135	5	P.1	v3.1.17
COD_2135	6	AY.9.2	v3.1.17
COD_2135	7	None	v3.1.17
COD_2135	8	AY.94	v3.1.17
COD_2135	9	AY.94	v3.1.17
COD_2137	10	None	v3.1.17
COD_2137	1	None	v3.1.17
COD_2137	2	B.1.351	v3.1.17
COD_2137	3	A	v3.1.17
COD_2137	4	None	v3.1.17
COD_2137	5	P.1	v3.1.17
COD_2137	6	B.1.617.2	v3.1.17
COD_2137	7	AY.43	v3.1.17
COD_2137	8	AY.94	v3.1.17
COD_2137	9	AY.94	v3.1.17
COD_2131	10	AY.43	v3.1.17
COD_2131	2	B.1.351	v3.1.17
COD_2131	3	A.28	v3.1.17
COD_2131	4	B.1.621	v3.1.17
COD_2131	5	P.1	v3.1.17
COD_2131	6	AY.9.2	v3.1.17
COD_2131	8	AY.94	v3.1.17
COD_2131	9	AY.94	v3.1.17
COD_2111	10	AY.43	v3.1.17
COD_2111	1	B.1.1.7	v3.1.17
COD_2111	2	B.1.351	v3.1.17
COD_2111	3	A.28	v3.1.17
COD_2111	4	B.1.621	v3.1.17
COD_2111	5	P.1	v3.1.17
COD_2111	6	AY.9.2	v3.1.17
COD_2111	8	AY.94	v3.1.17
COD_2111	9	AY.94	v3.1.17
COD_2110	7	None	v3.1.17
COD_2113	7	None	v3.1.17
COD_2114	7	None	v3.1.17
COD_2121	7	None	v3.1.17
COD_2123	7	None	v3.1.17
COD_2125	7	None	v3.1.17
COD_2109	7	None	v3.1.17
COD_2117	7	None	v3.1.17
COD_2122	7	None	v3.1.17
COD_2129	7	None	v3.1.17
COD_2141	10	AY.43	v3.1.18
COD_2141	1	B.1.1.7	v3.1.18
COD_2141	2	B.1.351	v3.1.18
COD_2141	3	A.28	v3.1.18
COD_2141	4	B.1.621	v3.1.18
COD_2141	5	P.1	v3.1.18
COD_2141	6	AY.9.2	v3.1.18
COD_2141	7	AY.43	v3.1.18
COD_2141	8	AY.94	v3.1.18
COD_2141	9	AY.94	v3.1.18
COD_2107	10	AY.43	v3.1.18
COD_2107	1	B.1.1.7	v3.1.18
COD_2107	2	B.1.351	v3.1.18
COD_2107	3	A.28	v3.1.18
COD_2107	4	B.1.621	v3.1.18
COD_2107	5	P.1	v3.1.18
COD_2107	6	AY.9.2	v3.1.18
COD_2107	7	AY.43	v3.1.18
COD_2107	8	AY.94	v3.1.18
COD_2107	9	AY.94	v3.1.18
COD_2108	10	AY.43	v3.1.18
COD_2108	1	B.1.1.7	v3.1.18
COD_2108	2	B.1.351	v3.1.18
COD_2108	3	A.28	v3.1.18
COD_2108	4	B.1.621	v3.1.18
COD_2108	5	P.1	v3.1.18
COD_2108	6	AY.9.2	v3.1.18
COD_2108	8	AY.94	v3.1.18
COD_2108	9	AY.94	v3.1.18
COD_2110	10	AY.43	v3.1.18
COD_2110	1	B.1.1.7	v3.1.18
COD_2110	2	B.1.351	v3.1.18
COD_2110	3	A.28	v3.1.18
COD_2110	4	B.1.621	v3.1.18
COD_2110	5	P.1	v3.1.18
COD_2110	6	AY.9.2	v3.1.18
COD_2110	8	AY.94	v3.1.18
COD_2110	9	AY.94	v3.1.18
COD_2112	10	AY.43	v3.1.18
COD_2112	1	B.1.1.7	v3.1.18
COD_2112	2	B.1.351	v3.1.18
COD_2112	3	A.28	v3.1.18
COD_2112	4	B.1.621	v3.1.18
COD_2112	5	P.1	v3.1.18
COD_2112	6	None	v3.1.18
COD_2112	7	BA.1	v3.1.18
COD_2112	8	AY.94	v3.1.18
COD_2112	9	AY.94	v3.1.18
COD_2113	10	AY.43	v3.1.18
COD_2113	1	B.1.1.7	v3.1.18
COD_2113	2	B.1.351	v3.1.18
COD_2113	3	A.28	v3.1.18
COD_2113	4	B.1.621	v3.1.18
COD_2113	5	P.1	v3.1.18
COD_2113	6	AY.9.2	v3.1.18
COD_2113	8	AY.94	v3.1.18
COD_2113	9	AY.94	v3.1.18
COD_2114	10	AY.43	v3.1.18
COD_2114	1	B.1.1.7	v3.1.18
COD_2114	2	B.1.351	v3.1.18
COD_2114	3	A.28	v3.1.18
COD_2114	4	B.1.621	v3.1.18
COD_2114	5	P.1	v3.1.18
COD_2114	6	AY.9.2	v3.1.18
COD_2114	8	AY.94	v3.1.18
COD_2114	9	AY.94	v3.1.18
COD_2116	10	AY.43	v3.1.18
COD_2116	1	B.1.1.7	v3.1.18
COD_2116	2	B.1.351	v3.1.18
COD_2116	3	A.28	v3.1.18
COD_2116	4	B.1.621	v3.1.18
COD_2116	5	P.1	v3.1.18
COD_2116	6	AY.9.2	v3.1.18
COD_2116	8	B.1.617.2	v3.1.18
COD_2116	9	AY.94	v3.1.18
COD_2121	10	AY.43	v3.1.18
COD_2121	1	B.1.1.7	v3.1.18
COD_2121	2	B.1.351	v3.1.18
COD_2121	3	A.28	v3.1.18
COD_2121	4	B.1.621	v3.1.18
COD_2121	5	P.1	v3.1.18
COD_2121	6	AY.9.2	v3.1.18
COD_2121	8	AY.94	v3.1.18
COD_2121	9	AY.94	v3.1.18
COD_2123	10	AY.43	v3.1.18
COD_2123	1	B.1.1.7	v3.1.18
COD_2123	2	B.1.351	v3.1.18
COD_2123	3	A.28	v3.1.18
COD_2123	4	B.1.621	v3.1.18
COD_2123	5	P.1	v3.1.18
COD_2123	6	AY.9.2	v3.1.18
COD_2123	8	AY.94	v3.1.18
COD_2123	9	AY.94	v3.1.18
COD_2124	10	AY.43	v3.1.18
COD_2124	1	B.1.1.7	v3.1.18
COD_2124	2	B.1.351	v3.1.18
COD_2124	3	A.28	v3.1.18
COD_2124	4	B.1.621	v3.1.18
COD_2124	6	AY.9.2	v3.1.18
COD_2124	8	AY.94	v3.1.18
COD_2124	9	AY.94	v3.1.18
COD_2125	10	AY.43	v3.1.18
COD_2125	1	B.1.1.7	v3.1.18
COD_2125	2	B.1.351	v3.1.18
COD_2125	3	A.28	v3.1.18
COD_2125	4	B.1.621	v3.1.18
COD_2125	5	P.1	v3.1.18
COD_2125	6	AY.9.2	v3.1.18
COD_2125	8	AY.94	v3.1.18
COD_2125	9	AY.94	v3.1.18
COD_2126	10	AY.43	v3.1.18
COD_2126	1	B.1.1.7	v3.1.18
COD_2126	2	B.1.351	v3.1.18
COD_2126	3	A.28	v3.1.18
COD_2126	4	B.1.621	v3.1.18
COD_2126	5	P.1	v3.1.18
COD_2126	6	AY.9.2	v3.1.18
COD_2126	7	AY.122	v3.1.18
COD_2126	8	AY.94	v3.1.18
COD_2126	9	AY.94	v3.1.18
COD_2132	10	AY.43	v3.1.18
COD_2132	1	B.1.1.7	v3.1.18
COD_2132	2	B.1.351	v3.1.18
COD_2132	3	A.28	v3.1.18
COD_2132	4	B.1.621	v3.1.18
COD_2132	5	P.1	v3.1.18
COD_2132	6	None	v3.1.18
COD_2132	7	AY.122	v3.1.18
COD_2132	8	B.1.617.2	v3.1.18
COD_2132	9	B.1.617.2	v3.1.18
COD_2134	10	AY.43	v3.1.18
COD_2134	1	B.1.1.7	v3.1.18
COD_2134	2	B.1.351	v3.1.18
COD_2134	3	A.28	v3.1.18
COD_2134	4	B.1.621	v3.1.18
COD_2134	5	P.1	v3.1.18
COD_2134	6	AY.9.2	v3.1.18
COD_2134	7	AY.43	v3.1.18
COD_2134	8	AY.94	v3.1.18
COD_2134	9	AY.94	v3.1.18
COD_2139	10	AY.43	v3.1.18
COD_2139	1	B.1.1.7	v3.1.18
COD_2139	2	B.1.351	v3.1.18
COD_2139	3	A.28	v3.1.18
COD_2139	4	B.1.621	v3.1.18
COD_2139	5	P.1	v3.1.18
COD_2139	6	AY.9.2	v3.1.18
COD_2139	7	AY.43	v3.1.18
COD_2139	8	AY.94	v3.1.18
COD_2139	9	AY.94	v3.1.18
COD_2103	10	AY.43	v3.1.18
COD_2103	1	B.1.1.7	v3.1.18
COD_2103	2	B.1.351	v3.1.18
COD_2103	3	A.28	v3.1.18
COD_2103	4	B.1.621	v3.1.18
COD_2103	5	P.1	v3.1.18
COD_2103	6	AY.9.2	v3.1.18
COD_2103	8	AY.94	v3.1.18
COD_2103	9	AY.94	v3.1.18
COD_2109	10	AY.43	v3.1.18
COD_2109	1	B.1.1.7	v3.1.18
COD_2109	2	B.1.351	v3.1.18
COD_2109	3	A.28	v3.1.18
COD_2109	4	B.1.621	v3.1.18
COD_2109	5	P.1	v3.1.18
COD_2109	6	AY.9.2	v3.1.18
COD_2109	8	AY.94	v3.1.18
COD_2109	9	AY.94	v3.1.18
COD_2117	10	AY.43	v3.1.18
COD_2117	1	B.1.1.7	v3.1.18
COD_2117	2	B.1.351	v3.1.18
COD_2117	3	A.28	v3.1.18
COD_2117	4	B.1.621	v3.1.18
COD_2117	5	P.1	v3.1.18
COD_2117	6	AY.9.2	v3.1.18
COD_2117	8	AY.94	v3.1.18
COD_2117	9	AY.94	v3.1.18
COD_2122	10	AY.43	v3.1.18
COD_2122	1	B.1.1.7	v3.1.18
COD_2122	2	B.1.351	v3.1.18
COD_2122	3	A.28	v3.1.18
COD_2122	4	B.1.621	v3.1.18
COD_2122	5	P.1	v3.1.18
COD_2122	6	AY.9.2	v3.1.18
COD_2122	8	AY.94	v3.1.18
COD_2122	9	AY.94	v3.1.18
COD_2129	10	AY.43	v3.1.18
COD_2129	1	B.1.1.7	v3.1.18
COD_2129	2	B.1.351	v3.1.18
COD_2129	3	A.28	v3.1.18
COD_2129	4	B.1.621	v3.1.18
COD_2129	5	P.1	v3.1.18
COD_2129	6	AY.9.2	v3.1.18
COD_2129	8	AY.94	v3.1.18
COD_2129	9	AY.94	v3.1.18
COD_2135	10	AY.43	v3.1.18
COD_2135	1	B.1.1.7	v3.1.18
COD_2135	2	B.1.351	v3.1.18
COD_2135	3	A.28	v3.1.18
COD_2135	4	B.1.621	v3.1.18
COD_2135	5	P.1	v3.1.18
COD_2135	6	AY.9.2	v3.1.18
COD_2135	7	BA.1.1	v3.1.18
COD_2135	8	AY.94	v3.1.18
COD_2135	9	AY.94	v3.1.18
COD_2137	10	None	v3.1.18
COD_2137	1	None	v3.1.18
COD_2137	2	B.1.351	v3.1.18
COD_2137	3	A	v3.1.18
COD_2137	4	B.1	v3.1.18
COD_2137	5	P.1	v3.1.18
COD_2137	6	B.1.617.2	v3.1.18
COD_2137	7	AY.43	v3.1.18
COD_2137	8	AY.94	v3.1.18
COD_2137	9	AY.94	v3.1.18
COD_2131	10	AY.43	v3.1.18
COD_2131	2	B.1.351	v3.1.18
COD_2131	3	A.28	v3.1.18
COD_2131	4	B.1.621	v3.1.18
COD_2131	5	P.1	v3.1.18
COD_2131	6	AY.9.2	v3.1.18
COD_2131	8	AY.94	v3.1.18
COD_2131	9	AY.94	v3.1.18
COD_2111	10	AY.43	v3.1.18
COD_2111	1	B.1.1.7	v3.1.18
COD_2111	2	B.1.351	v3.1.18
COD_2111	3	A.28	v3.1.18
COD_2111	4	B.1.621	v3.1.18
COD_2111	5	P.1	v3.1.18
COD_2111	6	AY.9.2	v3.1.18
COD_2111	8	AY.94	v3.1.18
COD_2111	9	AY.94	v3.1.18
COD_2110	7	None	v3.1.18
COD_2113	7	None	v3.1.18
COD_2114	7	None	v3.1.18
COD_2121	7	None	v3.1.18
COD_2123	7	None	v3.1.18
COD_2125	7	None	v3.1.18
COD_2109	7	None	v3.1.18
COD_2117	7	None	v3.1.18
COD_2122	7	None	v3.1.18
COD_2129	7	None	v3.1.18
COD_2141	10	AY.43	v3.1.19
COD_2141	1	B.1.1.7	v3.1.19
COD_2141	2	B.1.351	v3.1.19
COD_2141	3	A.28	v3.1.19
COD_2141	4	B.1.621	v3.1.19
COD_2141	5	P.1	v3.1.19
COD_2141	6	AY.9.2	v3.1.19
COD_2141	7	AY.43	v3.1.19
COD_2141	8	AY.94	v3.1.19
COD_2141	9	AY.94	v3.1.19
COD_2107	10	AY.43	v3.1.19
COD_2107	1	B.1.1.7	v3.1.19
COD_2107	2	B.1.351	v3.1.19
COD_2107	3	A.28	v3.1.19
COD_2107	4	B.1.621	v3.1.19
COD_2107	5	P.1	v3.1.19
COD_2107	6	AY.9.2	v3.1.19
COD_2107	7	AY.43	v3.1.19
COD_2107	8	AY.94	v3.1.19
COD_2107	9	AY.94	v3.1.19
COD_2108	10	AY.43	v3.1.19
COD_2108	1	B.1.1.7	v3.1.19
COD_2108	2	B.1.351	v3.1.19
COD_2108	3	A.28	v3.1.19
COD_2108	4	B.1.621	v3.1.19
COD_2108	5	P.1	v3.1.19
COD_2108	6	AY.9.2	v3.1.19
COD_2108	8	AY.94	v3.1.19
COD_2108	9	AY.94	v3.1.19
COD_2110	10	AY.43	v3.1.19
COD_2110	1	B.1.1.7	v3.1.19
COD_2110	2	B.1.351	v3.1.19
COD_2110	3	A.28	v3.1.19
COD_2110	4	B.1.621	v3.1.19
COD_2110	5	P.1	v3.1.19
COD_2110	6	AY.9.2	v3.1.19
COD_2110	8	AY.94	v3.1.19
COD_2110	9	AY.94	v3.1.19
COD_2112	10	AY.43	v3.1.19
COD_2112	1	B.1.1.7	v3.1.19
COD_2112	2	B.1.351	v3.1.19
COD_2112	3	A.28	v3.1.19
COD_2112	4	B.1.621	v3.1.19
COD_2112	5	P.1	v3.1.19
COD_2112	6	None	v3.1.19
COD_2112	7	BA.1	v3.1.19
COD_2112	8	AY.94	v3.1.19
COD_2112	9	AY.94	v3.1.19
COD_2113	10	AY.43	v3.1.19
COD_2113	1	B.1.1.7	v3.1.19
COD_2113	2	B.1.351	v3.1.19
COD_2113	3	A.28	v3.1.19
COD_2113	4	B.1.621	v3.1.19
COD_2113	5	P.1	v3.1.19
COD_2113	6	AY.9.2	v3.1.19
COD_2113	8	AY.94	v3.1.19
COD_2113	9	AY.94	v3.1.19
COD_2114	10	AY.43	v3.1.19
COD_2114	1	B.1.1.7	v3.1.19
COD_2114	2	B.1.351	v3.1.19
COD_2114	3	A.28	v3.1.19
COD_2114	4	B.1.621	v3.1.19
COD_2114	5	P.1	v3.1.19
COD_2114	6	AY.9.2	v3.1.19
COD_2114	8	AY.94	v3.1.19
COD_2114	9	AY.94	v3.1.19
COD_2116	10	AY.43	v3.1.19
COD_2116	1	B.1.1.7	v3.1.19
COD_2116	2	B.1.351	v3.1.19
COD_2116	3	A.28	v3.1.19
COD_2116	4	B.1.621	v3.1.19
COD_2116	5	P.1	v3.1.19
COD_2116	6	AY.9.2	v3.1.19
COD_2116	8	B.1.617.2	v3.1.19
COD_2116	9	AY.94	v3.1.19
COD_2121	10	AY.43	v3.1.19
COD_2121	1	B.1.1.7	v3.1.19
COD_2121	2	B.1.351	v3.1.19
COD_2121	3	A.28	v3.1.19
COD_2121	4	B.1.621	v3.1.19
COD_2121	5	P.1	v3.1.19
COD_2121	6	AY.9.2	v3.1.19
COD_2121	8	AY.94	v3.1.19
COD_2121	9	AY.94	v3.1.19
COD_2123	10	AY.43	v3.1.19
COD_2123	1	B.1.1.7	v3.1.19
COD_2123	2	B.1.351	v3.1.19
COD_2123	3	A.28	v3.1.19
COD_2123	4	B.1.621	v3.1.19
COD_2123	5	P.1	v3.1.19
COD_2123	6	AY.9.2	v3.1.19
COD_2123	8	AY.94	v3.1.19
COD_2123	9	AY.94	v3.1.19
COD_2124	10	AY.43	v3.1.19
COD_2124	1	B.1.1.7	v3.1.19
COD_2124	2	B.1.351	v3.1.19
COD_2124	3	A.28	v3.1.19
COD_2124	4	B.1.621	v3.1.19
COD_2124	6	AY.9.2	v3.1.19
COD_2124	8	AY.94	v3.1.19
COD_2124	9	AY.94	v3.1.19
COD_2125	10	AY.43	v3.1.19
COD_2125	1	B.1.1.7	v3.1.19
COD_2125	2	B.1.351	v3.1.19
COD_2125	3	A.28	v3.1.19
COD_2125	4	B.1.621	v3.1.19
COD_2125	5	P.1	v3.1.19
COD_2125	6	AY.9.2	v3.1.19
COD_2125	8	AY.94	v3.1.19
COD_2125	9	AY.94	v3.1.19
COD_2126	10	AY.43	v3.1.19
COD_2126	1	B.1.1.7	v3.1.19
COD_2126	2	B.1.351	v3.1.19
COD_2126	3	A.28	v3.1.19
COD_2126	4	B.1.621	v3.1.19
COD_2126	5	P.1	v3.1.19
COD_2126	6	AY.9.2	v3.1.19
COD_2126	7	AY.122	v3.1.19
COD_2126	8	AY.94	v3.1.19
COD_2126	9	AY.94	v3.1.19
COD_2132	10	AY.43	v3.1.19
COD_2132	1	B.1.1.7	v3.1.19
COD_2132	2	B.1.351	v3.1.19
COD_2132	3	A.28	v3.1.19
COD_2132	4	B.1.621	v3.1.19
COD_2132	5	P.1	v3.1.19
COD_2132	6	None	v3.1.19
COD_2132	7	AY.122	v3.1.19
COD_2132	8	B.1.617.2	v3.1.19
COD_2132	9	B.1.617.2	v3.1.19
COD_2134	10	AY.43	v3.1.19
COD_2134	1	B.1.1.7	v3.1.19
COD_2134	2	B.1.351	v3.1.19
COD_2134	3	A.28	v3.1.19
COD_2134	4	B.1.621	v3.1.19
COD_2134	5	P.1	v3.1.19
COD_2134	6	AY.9.2	v3.1.19
COD_2134	7	AY.43	v3.1.19
COD_2134	8	AY.94	v3.1.19
COD_2134	9	AY.94	v3.1.19
COD_2139	10	AY.43	v3.1.19
COD_2139	1	B.1.1.7	v3.1.19
COD_2139	2	B.1.351	v3.1.19
COD_2139	3	A.28	v3.1.19
COD_2139	4	B.1.621	v3.1.19
COD_2139	5	P.1	v3.1.19
COD_2139	6	AY.9.2	v3.1.19
COD_2139	7	AY.43	v3.1.19
COD_2139	8	AY.94	v3.1.19
COD_2139	9	AY.94	v3.1.19
COD_2103	10	AY.43	v3.1.19
COD_2103	1	B.1.1.7	v3.1.19
COD_2103	2	B.1.351	v3.1.19
COD_2103	3	A.28	v3.1.19
COD_2103	4	B.1.621	v3.1.19
COD_2103	5	P.1	v3.1.19
COD_2103	6	AY.9.2	v3.1.19
COD_2103	8	AY.94	v3.1.19
COD_2103	9	AY.94	v3.1.19
COD_2109	10	AY.43	v3.1.19
COD_2109	1	B.1.1.7	v3.1.19
COD_2109	2	B.1.351	v3.1.19
COD_2109	3	A.28	v3.1.19
COD_2109	4	B.1.621	v3.1.19
COD_2109	5	P.1	v3.1.19
COD_2109	6	AY.9.2	v3.1.19
COD_2109	8	AY.94	v3.1.19
COD_2109	9	AY.94	v3.1.19
COD_2117	10	AY.43	v3.1.19
COD_2117	1	B.1.1.7	v3.1.19
COD_2117	2	B.1.351	v3.1.19
COD_2117	3	A.28	v3.1.19
COD_2117	4	B.1.621	v3.1.19
COD_2117	5	P.1	v3.1.19
COD_2117	6	AY.9.2	v3.1.19
COD_2117	8	AY.94	v3.1.19
COD_2117	9	AY.94	v3.1.19
COD_2122	10	AY.43	v3.1.19
COD_2122	1	B.1.1.7	v3.1.19
COD_2122	2	B.1.351	v3.1.19
COD_2122	3	A.28	v3.1.19
COD_2122	4	B.1.621	v3.1.19
COD_2122	5	P.1	v3.1.19
COD_2122	6	AY.9.2	v3.1.19
COD_2122	8	AY.94	v3.1.19
COD_2122	9	AY.94	v3.1.19
COD_2129	10	AY.43	v3.1.19
COD_2129	1	B.1.1.7	v3.1.19
COD_2129	2	B.1.351	v3.1.19
COD_2129	3	A.28	v3.1.19
COD_2129	4	B.1.621	v3.1.19
COD_2129	5	P.1	v3.1.19
COD_2129	6	AY.9.2	v3.1.19
COD_2129	8	AY.94	v3.1.19
COD_2129	9	AY.94	v3.1.19
COD_2135	10	AY.43	v3.1.19
COD_2135	1	B.1.1.7	v3.1.19
COD_2135	2	B.1.351	v3.1.19
COD_2135	3	A.28	v3.1.19
COD_2135	4	B.1.621	v3.1.19
COD_2135	5	P.1	v3.1.19
COD_2135	6	AY.9.2	v3.1.19
COD_2135	7	BA.1.1	v3.1.19
COD_2135	8	AY.94	v3.1.19
COD_2135	9	AY.94	v3.1.19
COD_2137	10	None	v3.1.19
COD_2137	1	None	v3.1.19
COD_2137	2	B.1.351	v3.1.19
COD_2137	3	A	v3.1.19
COD_2137	4	B.1	v3.1.19
COD_2137	5	P.1	v3.1.19
COD_2137	6	B.1.617.2	v3.1.19
COD_2137	7	AY.43	v3.1.19
COD_2137	8	AY.94	v3.1.19
COD_2137	9	AY.94	v3.1.19
COD_2131	10	AY.43	v3.1.19
COD_2131	2	B.1.351	v3.1.19
COD_2131	3	A.28	v3.1.19
COD_2131	4	B.1.621	v3.1.19
COD_2131	5	P.1	v3.1.19
COD_2131	6	AY.9.2	v3.1.19
COD_2131	8	AY.94	v3.1.19
COD_2131	9	AY.94	v3.1.19
COD_2111	10	AY.43	v3.1.19
COD_2111	1	B.1.1.7	v3.1.19
COD_2111	2	B.1.351	v3.1.19
COD_2111	3	A.28	v3.1.19
COD_2111	4	B.1.621	v3.1.19
COD_2111	5	P.1	v3.1.19
COD_2111	6	AY.9.2	v3.1.19
COD_2111	8	AY.94	v3.1.19
COD_2111	9	AY.94	v3.1.19
COD_2110	7	None	v3.1.19
COD_2113	7	None	v3.1.19
COD_2114	7	None	v3.1.19
COD_2121	7	None	v3.1.19
COD_2123	7	None	v3.1.19
COD_2125	7	None	v3.1.19
COD_2109	7	None	v3.1.19
COD_2117	7	None	v3.1.19
COD_2122	7	None	v3.1.19
COD_2129	7	None	v3.1.19
COD_2117_protocol2	10	AY.43	v3.1.16
COD_2117_protocol2	1	B.1.1.7	v3.1.16
COD_2117_protocol2	2	B.1.351	v3.1.16
COD_2117_protocol2	3	A.28	v3.1.16
COD_2117_protocol2	4	B.1.621	v3.1.16
COD_2117_protocol2	5	P.1	v3.1.16
COD_2117_protocol2	6	AY.9.2	v3.1.16
COD_2117_protocol2	8	AY.94	v3.1.16
COD_2117_protocol2	9	AY.94	v3.1.16
COD_2106_Illumina	10	AY.43	v3.1.16
COD_2106_Illumina	1	B.1.1.7	v3.1.16
COD_2106_Illumina	2	B.1.351	v3.1.16
COD_2106_Illumina	3	A.28	v3.1.16
COD_2106_Illumina	4	B.1.621	v3.1.16
COD_2106_Illumina	5	P.1	v3.1.16
COD_2106_Illumina	6	AY.9.2	v3.1.16
COD_2106_Illumina	8	AY.94	v3.1.16
COD_2106_Illumina	9	AY.94	v3.1.16
COD_2124_segunda	5	P.1	v3.1.16
COD_2106_Nanopore	10	AY.43	v3.1.16
COD_2106_Nanopore	1	B.1.1.7	v3.1.16
COD_2106_Nanopore	2	B.1.351	v3.1.16
COD_2106_Nanopore	3	A.28	v3.1.16
COD_2106_Nanopore	4	B.1.621	v3.1.16
COD_2106_Nanopore	5	P.1	v3.1.16
COD_2106_Nanopore	6	AY.9.2	v3.1.16
COD_2106_Nanopore	8	AY.94	v3.1.16
COD_2106_Nanopore	9	AY.94	v3.1.16
COD_2107_nanopore	10	AY.43	v3.1.16
COD_2107_nanopore	1	B.1.1.7	v3.1.16
COD_2107_nanopore	2	B.1.351	v3.1.16
COD_2107_nanopore	3	A.28	v3.1.16
COD_2107_nanopore	4	B.1.621	v3.1.16
COD_2107_nanopore	5	P.1	v3.1.16
COD_2107_nanopore	6	AY.9.2	v3.1.16
COD_2107_nanopore	8	AY.94	v3.1.16
COD_2107_nanopore	9	AY.94	v3.1.16
COD_2140_nanopore	10	AY.43	v3.1.16
COD_2140_nanopore	1	B.1.1.7	v3.1.16
COD_2140_nanopore	2	B.1.351	v3.1.16
COD_2140_nanopore	3	A.28	v3.1.16
COD_2140_nanopore	4	B.1.621	v3.1.16
COD_2140_nanopore	5	P.1	v3.1.16
COD_2140_nanopore	7	AY.43	v3.1.16
COD_2140_nanopore	8	AY.94	v3.1.16
COD_2140_nanopore	9	AY.94	v3.1.16
COD_2117_protocol2	7	None	v3.1.16
COD_2106_Illumina	7	None	v3.1.16
COD_2140_nanopore	6	None	v3.1.16
COD_2117_protocol2	10	AY.43	v3.1.17
COD_2117_protocol2	1	B.1.1.7	v3.1.17
COD_2117_protocol2	2	B.1.351	v3.1.17
COD_2117_protocol2	3	A.28	v3.1.17
COD_2117_protocol2	4	B.1.621	v3.1.17
COD_2117_protocol2	5	P.1	v3.1.17
COD_2117_protocol2	6	AY.9.2	v3.1.17
COD_2117_protocol2	8	AY.94	v3.1.17
COD_2117_protocol2	9	AY.94	v3.1.17
COD_2106_Illumina	10	AY.43	v3.1.17
COD_2106_Illumina	1	B.1.1.7	v3.1.17
COD_2106_Illumina	2	B.1.351	v3.1.17
COD_2106_Illumina	3	A.28	v3.1.17
COD_2106_Illumina	4	B.1.621	v3.1.17
COD_2106_Illumina	5	P.1	v3.1.17
COD_2106_Illumina	6	AY.9.2	v3.1.17
COD_2106_Illumina	8	AY.94	v3.1.17
COD_2106_Illumina	9	AY.94	v3.1.17
COD_2124_segunda	5	P.1	v3.1.17
COD_2106_Nanopore	10	AY.43	v3.1.17
COD_2106_Nanopore	1	B.1.1.7	v3.1.17
COD_2106_Nanopore	2	B.1.351	v3.1.17
COD_2106_Nanopore	3	A.28	v3.1.17
COD_2106_Nanopore	4	B.1.621	v3.1.17
COD_2106_Nanopore	5	P.1	v3.1.17
COD_2106_Nanopore	6	AY.9.2	v3.1.17
COD_2106_Nanopore	8	AY.94	v3.1.17
COD_2106_Nanopore	9	AY.94	v3.1.17
COD_2107_nanopore	10	AY.43	v3.1.17
COD_2107_nanopore	1	B.1.1.7	v3.1.17
COD_2107_nanopore	2	B.1.351	v3.1.17
COD_2107_nanopore	3	A.28	v3.1.17
COD_2107_nanopore	4	B.1.621	v3.1.17
COD_2107_nanopore	5	P.1	v3.1.17
COD_2107_nanopore	6	AY.9.2	v3.1.17
COD_2107_nanopore	8	AY.94	v3.1.17
COD_2107_nanopore	9	AY.94	v3.1.17
COD_2140_nanopore	10	AY.43	v3.1.17
COD_2140_nanopore	1	B.1.1.7	v3.1.17
COD_2140_nanopore	2	B.1.351	v3.1.17
COD_2140_nanopore	3	A.28	v3.1.17
COD_2140_nanopore	4	B.1.621	v3.1.17
COD_2140_nanopore	5	P.1	v3.1.17
COD_2140_nanopore	7	AY.43	v3.1.17
COD_2140_nanopore	8	AY.94	v3.1.17
COD_2140_nanopore	9	AY.94	v3.1.17
COD_2117_protocol2	7	None	v3.1.17
COD_2106_Illumina	7	None	v3.1.17
COD_2140_nanopore	6	None	v3.1.17
COD_2117_protocol2	10	AY.43	v3.1.18
COD_2117_protocol2	1	B.1.1.7	v3.1.18
COD_2117_protocol2	2	B.1.351	v3.1.18
COD_2117_protocol2	3	A.28	v3.1.18
COD_2117_protocol2	4	B.1.621	v3.1.18
COD_2117_protocol2	5	P.1	v3.1.18
COD_2117_protocol2	6	AY.9.2	v3.1.18
COD_2117_protocol2	8	AY.94	v3.1.18
COD_2117_protocol2	9	AY.94	v3.1.18
COD_2106_Illumina	10	AY.43	v3.1.18
COD_2106_Illumina	1	B.1.1.7	v3.1.18
COD_2106_Illumina	2	B.1.351	v3.1.18
COD_2106_Illumina	3	A.28	v3.1.18
COD_2106_Illumina	4	B.1.621	v3.1.18
COD_2106_Illumina	5	P.1	v3.1.18
COD_2106_Illumina	6	AY.9.2	v3.1.18
COD_2106_Illumina	8	AY.94	v3.1.18
COD_2106_Illumina	9	AY.94	v3.1.18
COD_2124_segunda	5	P.1	v3.1.18
COD_2106_Nanopore	10	AY.43	v3.1.18
COD_2106_Nanopore	1	B.1.1.7	v3.1.18
COD_2106_Nanopore	2	B.1.351	v3.1.18
COD_2106_Nanopore	3	A.28	v3.1.18
COD_2106_Nanopore	4	B.1.621	v3.1.18
COD_2106_Nanopore	5	P.1	v3.1.18
COD_2106_Nanopore	6	AY.9.2	v3.1.18
COD_2106_Nanopore	8	AY.94	v3.1.18
COD_2106_Nanopore	9	AY.94	v3.1.18
COD_2107_nanopore	10	AY.43	v3.1.18
COD_2107_nanopore	1	B.1.1.7	v3.1.18
COD_2107_nanopore	2	B.1.351	v3.1.18
COD_2107_nanopore	3	A.28	v3.1.18
COD_2107_nanopore	4	B.1.621	v3.1.18
COD_2107_nanopore	5	P.1	v3.1.18
COD_2107_nanopore	6	AY.9.2	v3.1.18
COD_2107_nanopore	8	AY.94	v3.1.18
COD_2107_nanopore	9	AY.94	v3.1.18
COD_2140_nanopore	10	AY.43	v3.1.18
COD_2140_nanopore	1	B.1.1.7	v3.1.18
COD_2140_nanopore	2	B.1.351	v3.1.18
COD_2140_nanopore	3	A.28	v3.1.18
COD_2140_nanopore	4	B.1.621	v3.1.18
COD_2140_nanopore	5	P.1	v3.1.18
COD_2140_nanopore	7	AY.43	v3.1.18
COD_2140_nanopore	8	AY.94	v3.1.18
COD_2140_nanopore	9	AY.94	v3.1.18
COD_2117_protocol2	7	None	v3.1.18
COD_2106_Illumina	7	None	v3.1.18
COD_2140_nanopore	6	None	v3.1.18
COD_2117_protocol2	10	AY.43	v3.1.19
COD_2117_protocol2	1	B.1.1.7	v3.1.19
COD_2117_protocol2	2	B.1.351	v3.1.19
COD_2117_protocol2	3	A.28	v3.1.19
COD_2117_protocol2	4	B.1.621	v3.1.19
COD_2117_protocol2	5	P.1	v3.1.19
COD_2117_protocol2	6	AY.9.2	v3.1.19
COD_2117_protocol2	8	AY.94	v3.1.19
COD_2117_protocol2	9	AY.94	v3.1.19
COD_2106_Illumina	10	AY.43	v3.1.19
COD_2106_Illumina	1	B.1.1.7	v3.1.19
COD_2106_Illumina	2	B.1.351	v3.1.19
COD_2106_Illumina	3	A.28	v3.1.19
COD_2106_Illumina	4	B.1.621	v3.1.19
COD_2106_Illumina	5	P.1	v3.1.19
COD_2106_Illumina	6	AY.9.2	v3.1.19
COD_2106_Illumina	8	AY.94	v3.1.19
COD_2106_Illumina	9	AY.94	v3.1.19
COD_2124_segunda	5	P.1	v3.1.19
COD_2106_Nanopore	10	AY.43	v3.1.19
COD_2106_Nanopore	1	B.1.1.7	v3.1.19
COD_2106_Nanopore	2	B.1.351	v3.1.19
COD_2106_Nanopore	3	A.28	v3.1.19
COD_2106_Nanopore	4	B.1.621	v3.1.19
COD_2106_Nanopore	5	P.1	v3.1.19
COD_2106_Nanopore	6	AY.9.2	v3.1.19
COD_2106_Nanopore	8	AY.94	v3.1.19
COD_2106_Nanopore	9	AY.94	v3.1.19
COD_2107_nanopore	10	AY.43	v3.1.19
COD_2107_nanopore	1	B.1.1.7	v3.1.19
COD_2107_nanopore	2	B.1.351	v3.1.19
COD_2107_nanopore	3	A.28	v3.1.19
COD_2107_nanopore	4	B.1.621	v3.1.19
COD_2107_nanopore	5	P.1	v3.1.19
COD_2107_nanopore	6	AY.9.2	v3.1.19
COD_2107_nanopore	8	AY.94	v3.1.19
COD_2107_nanopore	9	AY.94	v3.1.19
COD_2140_nanopore	10	AY.43	v3.1.19
COD_2140_nanopore	1	B.1.1.7	v3.1.19
COD_2140_nanopore	2	B.1.351	v3.1.19
COD_2140_nanopore	3	A.28	v3.1.19
COD_2140_nanopore	4	B.1.621	v3.1.19
COD_2140_nanopore	5	P.1	v3.1.19
COD_2140_nanopore	7	AY.43	v3.1.19
COD_2140_nanopore	8	AY.94	v3.1.19
COD_2140_nanopore	9	AY.94	v3.1.19
COD_2117_protocol2	7	None	v3.1.19
COD_2106_Illumina	7	None	v3.1.19
COD_2140_nanopore	6	None	v3.1.19
