taxon,lineage,conflict,ambiguity_score,scorpio_call,scorpio_support,scorpio_conflict,version,pangolin_version,pangoLEARN_version,pango_version,status,note
COD_2102_10,AY.43,0.0,1.0,Delta (B.1.617.2-like),1.000000,0.000000,PLEARN-v1.2.101,3.1.17,2021-11-25,v1.2.101,passed_qc,scorpio call: Alt alleles 13; Ref alleles 0; Amb alleles 0; Oth alleles 0
COD_2102_1,B.1.1.7,0.0,1.0,Alpha (B.1.1.7-like),0.956500,0.043500,PLEARN-v1.2.101,3.1.17,2021-11-25,v1.2.101,passed_qc,scorpio call: Alt alleles 22; Ref alleles 1; Amb alleles 0; Oth alleles 0
COD_2102_2,B.1.351,0.0,1.0,Beta (B.1.351-like),0.857100,0.000000,PLEARN-v1.2.101,3.1.17,2021-11-25,v1.2.101,passed_qc,scorpio call: Alt alleles 12; Ref alleles 0; Amb alleles 0; Oth alleles 2
COD_2102_3,A.28,0.0,1.0,,,,PLEARN-v1.2.101,3.1.17,2021-11-25,v1.2.101,passed_qc,
COD_2102_4,B.1.621,0.0,1.0,Mu (B.1.621-like),1.000000,0.000000,PLEARN-v1.2.101,3.1.17,2021-11-25,v1.2.101,passed_qc,scorpio call: Alt alleles 27; Ref alleles 0; Amb alleles 0; Oth alleles 0
COD_2102_5,P.1,0.0,1.0,Gamma (P.1-like),0.875000,0.000000,PLEARN-v1.2.101,3.1.17,2021-11-25,v1.2.101,passed_qc,scorpio call: Alt alleles 14; Ref alleles 0; Amb alleles 0; Oth alleles 2
COD_2102_6,AY.9.2,0.0,1.0,Delta (B.1.617.2-like),1.000000,0.000000,PLEARN-v1.2.101,3.1.17,2021-11-25,v1.2.101,passed_qc,scorpio call: Alt alleles 13; Ref alleles 0; Amb alleles 0; Oth alleles 0
COD_2102_8,AY.94,0.0,1.0,Delta (B.1.617.2-like),1.000000,0.000000,PLEARN-v1.2.101,3.1.17,2021-11-25,v1.2.101,passed_qc,scorpio call: Alt alleles 13; Ref alleles 0; Amb alleles 0; Oth alleles 0
COD_2102_9,AY.94,0.0,1.0,Delta (B.1.617.2-like),1.000000,0.000000,PLEARN-v1.2.101,3.1.17,2021-11-25,v1.2.101,passed_qc,scorpio call: Alt alleles 13; Ref alleles 0; Amb alleles 0; Oth alleles 0
COD_2103_10,AY.43,0.0,0.9597516099356026,Delta (B.1.617.2-like),1.000000,0.000000,PLEARN-v1.2.101,3.1.17,2021-11-25,v1.2.101,passed_qc,scorpio call: Alt alleles 13; Ref alleles 0; Amb alleles 0; Oth alleles 0
COD_2103_1,B.1.1.7,0.0,0.996449966718438,Alpha (B.1.1.7-like),0.956500,0.043500,PLEARN-v1.2.101,3.1.17,2021-11-25,v1.2.101,passed_qc,scorpio call: Alt alleles 22; Ref alleles 1; Amb alleles 0; Oth alleles 0
COD_2103_2,B.1.351,0.0,0.996449966718438,Beta (B.1.351-like),0.785700,0.071400,PLEARN-v1.2.101,3.1.17,2021-11-25,v1.2.101,passed_qc,scorpio call: Alt alleles 11; Ref alleles 1; Amb alleles 0; Oth alleles 2
COD_2103_3,A.28,0.0,0.9930988423864648,,,,PLEARN-v1.2.101,3.1.17,2021-11-25,v1.2.101,passed_qc,
COD_2103_4,B.1.621,0.0,0.9957815275310835,Mu (B.1.621-like),1.000000,0.000000,PLEARN-v1.2.101,3.1.17,2021-11-25,v1.2.101,passed_qc,scorpio call: Alt alleles 27; Ref alleles 0; Amb alleles 0; Oth alleles 0
COD_2103_5,P.1,0.0,0.9917521176995095,Gamma (P.1-like),0.875000,0.000000,PLEARN-v1.2.101,3.1.17,2021-11-25,v1.2.101,passed_qc,scorpio call: Alt alleles 14; Ref alleles 0; Amb alleles 0; Oth alleles 2
COD_2103_6,AY.9.2,0.0,0.9626146788990826,Delta (B.1.617.2-like),1.000000,0.000000,PLEARN-v1.2.101,3.1.17,2021-11-25,v1.2.101,passed_qc,scorpio call: Alt alleles 13; Ref alleles 0; Amb alleles 0; Oth alleles 0
COD_2103_8,AY.94,0.0,0.996449966718438,Delta (B.1.617.2-like),1.000000,0.000000,PLEARN-v1.2.101,3.1.17,2021-11-25,v1.2.101,passed_qc,scorpio call: Alt alleles 13; Ref alleles 0; Amb alleles 0; Oth alleles 0
COD_2103_9,AY.94,0.0,0.996449966718438,Delta (B.1.617.2-like),1.000000,0.000000,PLEARN-v1.2.101,3.1.17,2021-11-25,v1.2.101,passed_qc,scorpio call: Alt alleles 13; Ref alleles 0; Amb alleles 0; Oth alleles 0
COD_2104_10,AY.43,0.0,1.0,Delta (B.1.617.2-like),1.000000,0.000000,PLEARN-v1.2.101,3.1.17,2021-11-25,v1.2.101,passed_qc,scorpio call: Alt alleles 13; Ref alleles 0; Amb alleles 0; Oth alleles 0
COD_2104_1,B.1.1.7,0.0,1.0,Alpha (B.1.1.7-like),0.956500,0.043500,PLEARN-v1.2.101,3.1.17,2021-11-25,v1.2.101,passed_qc,scorpio call: Alt alleles 22; Ref alleles 1; Amb alleles 0; Oth alleles 0
COD_2104_2,B.1.351,0.0,1.0,Beta (B.1.351-like),0.857100,0.000000,PLEARN-v1.2.101,3.1.17,2021-11-25,v1.2.101,passed_qc,scorpio call: Alt alleles 12; Ref alleles 0; Amb alleles 0; Oth alleles 2
COD_2104_3,A.28,0.0,1.0,,,,PLEARN-v1.2.101,3.1.17,2021-11-25,v1.2.101,passed_qc,
COD_2104_4,B.1.621,0.0,1.0,Mu (B.1.621-like),1.000000,0.000000,PLEARN-v1.2.101,3.1.17,2021-11-25,v1.2.101,passed_qc,scorpio call: Alt alleles 27; Ref alleles 0; Amb alleles 0; Oth alleles 0
COD_2104_5,P.1,0.0,1.0,Gamma (P.1-like),0.875000,0.000000,PLEARN-v1.2.101,3.1.17,2021-11-25,v1.2.101,passed_qc,scorpio call: Alt alleles 14; Ref alleles 0; Amb alleles 0; Oth alleles 2
COD_2104_6,AY.9.2,0.0,1.0,Delta (B.1.617.2-like),1.000000,0.000000,PLEARN-v1.2.101,3.1.17,2021-11-25,v1.2.101,passed_qc,scorpio call: Alt alleles 13; Ref alleles 0; Amb alleles 0; Oth alleles 0
COD_2104_7,AY.43,0.0,0.9659350708733425,Delta (B.1.617.2-like),0.538500,0.230800,PLEARN-v1.2.101,3.1.17,2021-11-25,v1.2.101,passed_qc,scorpio call: Alt alleles 7; Ref alleles 3; Amb alleles 1; Oth alleles 2
COD_2104_8,AY.94,0.0,1.0,Delta (B.1.617.2-like),1.000000,0.000000,PLEARN-v1.2.101,3.1.17,2021-11-25,v1.2.101,passed_qc,scorpio call: Alt alleles 13; Ref alleles 0; Amb alleles 0; Oth alleles 0
COD_2104_9,AY.94,0.0,1.0,Delta (B.1.617.2-like),1.000000,0.000000,PLEARN-v1.2.101,3.1.17,2021-11-25,v1.2.101,passed_qc,scorpio call: Alt alleles 13; Ref alleles 0; Amb alleles 0; Oth alleles 0
COD_2105_10,AY.43,0.0,0.9704074664238561,Delta (B.1.617.2-like),0.923100,0.000000,PLEARN-v1.2.101,3.1.17,2021-11-25,v1.2.101,passed_qc,scorpio call: Alt alleles 12; Ref alleles 0; Amb alleles 1; Oth alleles 0
COD_2105_1,B.1.1.7,0.0,0.9801578354002255,Alpha (B.1.1.7-like),0.869600,0.043500,PLEARN-v1.2.101,3.1.17,2021-11-25,v1.2.101,passed_qc,scorpio call: Alt alleles 20; Ref alleles 1; Amb alleles 2; Oth alleles 0
COD_2105_2,B.1.351,0.0,0.9937708565072303,Beta (B.1.351-like),0.857100,0.000000,PLEARN-v1.2.101,3.1.17,2021-11-25,v1.2.101,passed_qc,scorpio call: Alt alleles 12; Ref alleles 0; Amb alleles 0; Oth alleles 2
COD_2105_3,A.28,0.0,0.9796977216332055,,,,PLEARN-v1.2.101,3.1.17,2021-11-25,v1.2.101,passed_qc,
COD_2105_4,B.1.621,0.0,0.9953354064860063,Mu (B.1.621-like),0.925900,0.074100,PLEARN-v1.2.101,3.1.17,2021-11-25,v1.2.101,passed_qc,scorpio call: Alt alleles 25; Ref alleles 2; Amb alleles 0; Oth alleles 0
COD_2105_5,P.1,0.0,0.9808472284812979,Gamma (P.1-like),0.875000,0.000000,PLEARN-v1.2.101,3.1.17,2021-11-25,v1.2.101,passed_qc,scorpio call: Alt alleles 14; Ref alleles 0; Amb alleles 0; Oth alleles 2
COD_2105_6,AY.9.2,0.0,0.9937708565072303,Delta (B.1.617.2-like),1.000000,0.000000,PLEARN-v1.2.101,3.1.17,2021-11-25,v1.2.101,passed_qc,scorpio call: Alt alleles 13; Ref alleles 0; Amb alleles 0; Oth alleles 0
COD_2105_9,AY.43,0.0,0.9757699275362319,Delta (B.1.617.2-like),0.923100,0.000000,PLEARN-v1.2.101,3.1.17,2021-11-25,v1.2.101,passed_qc,scorpio call: Alt alleles 12; Ref alleles 0; Amb alleles 1; Oth alleles 0
COD_2106_Illumina_10,AY.43,0.0,1.0,Delta (B.1.617.2-like),1.000000,0.000000,PLEARN-v1.2.101,3.1.17,2021-11-25,v1.2.101,passed_qc,scorpio call: Alt alleles 13; Ref alleles 0; Amb alleles 0; Oth alleles 0
COD_2106_Illumina_1,B.1.1.7,0.0,0.9997788589119858,Alpha (B.1.1.7-like),0.956500,0.043500,PLEARN-v1.2.101,3.1.17,2021-11-25,v1.2.101,passed_qc,scorpio call: Alt alleles 22; Ref alleles 1; Amb alleles 0; Oth alleles 0
COD_2106_Illumina_2,B.1.351,0.0,0.9997788589119858,Beta (B.1.351-like),0.857100,0.000000,PLEARN-v1.2.101,3.1.17,2021-11-25,v1.2.101,passed_qc,scorpio call: Alt alleles 12; Ref alleles 0; Amb alleles 0; Oth alleles 2
COD_2106_Illumina_3,A.28,0.0,1.0,,,,PLEARN-v1.2.101,3.1.17,2021-11-25,v1.2.101,passed_qc,
COD_2106_Illumina_4,B.1.621,0.0,0.9997788589119858,Mu (B.1.621-like),0.963000,0.000000,PLEARN-v1.2.101,3.1.17,2021-11-25,v1.2.101,passed_qc,scorpio call: Alt alleles 26; Ref alleles 0; Amb alleles 1; Oth alleles 0
COD_2106_Illumina_5,P.1,0.0,1.0,Gamma (P.1-like),0.875000,0.000000,PLEARN-v1.2.101,3.1.17,2021-11-25,v1.2.101,passed_qc,scorpio call: Alt alleles 14; Ref alleles 0; Amb alleles 0; Oth alleles 2
COD_2106_Illumina_6,AY.9.2,0.0,0.9997788589119858,Delta (B.1.617.2-like),1.000000,0.000000,PLEARN-v1.2.101,3.1.17,2021-11-25,v1.2.101,passed_qc,scorpio call: Alt alleles 13; Ref alleles 0; Amb alleles 0; Oth alleles 0
COD_2106_Illumina_8,B.1.617.2,0.0,0.9997788589119858,Delta (B.1.617.2-like),1.000000,0.000000,PLEARN-v1.2.101,3.1.17,2021-11-25,v1.2.101,passed_qc,scorpio call: Alt alleles 13; Ref alleles 0; Amb alleles 0; Oth alleles 0
COD_2106_Illumina_9,B.1.617.2,0.0,0.9997788589119858,Delta (B.1.617.2-like),1.000000,0.000000,PLEARN-v1.2.101,3.1.17,2021-11-25,v1.2.101,passed_qc,scorpio call: Alt alleles 13; Ref alleles 0; Amb alleles 0; Oth alleles 0
COD_2106_Nanopore_10,AY.43,0.0,0.9910774035244256,Delta (B.1.617.2-like),1.000000,0.000000,PLEARN-v1.2.101,3.1.17,2021-11-25,v1.2.101,passed_qc,scorpio call: Alt alleles 13; Ref alleles 0; Amb alleles 0; Oth alleles 0
COD_2106_Nanopore_1,B.1.1.7,0.0,0.9997788589119858,Alpha (B.1.1.7-like),0.956500,0.043500,PLEARN-v1.2.101,3.1.17,2021-11-25,v1.2.101,passed_qc,scorpio call: Alt alleles 22; Ref alleles 1; Amb alleles 0; Oth alleles 0
COD_2106_Nanopore_2,B.1.351,0.0,0.9997788589119858,Beta (B.1.351-like),0.857100,0.000000,PLEARN-v1.2.101,3.1.17,2021-11-25,v1.2.101,passed_qc,scorpio call: Alt alleles 12; Ref alleles 0; Amb alleles 0; Oth alleles 2
COD_2106_Nanopore_3,A.28,0.0,1.0,,,,PLEARN-v1.2.101,3.1.17,2021-11-25,v1.2.101,passed_qc,
COD_2106_Nanopore_4,B.1.621,0.0,1.0,Mu (B.1.621-like),1.000000,0.000000,PLEARN-v1.2.101,3.1.17,2021-11-25,v1.2.101,passed_qc,scorpio call: Alt alleles 27; Ref alleles 0; Amb alleles 0; Oth alleles 0
COD_2106_Nanopore_5,P.1,0.0,1.0,Gamma (P.1-like),0.875000,0.000000,PLEARN-v1.2.101,3.1.17,2021-11-25,v1.2.101,passed_qc,scorpio call: Alt alleles 14; Ref alleles 0; Amb alleles 0; Oth alleles 2
COD_2106_Nanopore_6,AY.9.2,0.0,0.9997788589119858,Delta (B.1.617.2-like),1.000000,0.000000,PLEARN-v1.2.101,3.1.17,2021-11-25,v1.2.101,passed_qc,scorpio call: Alt alleles 13; Ref alleles 0; Amb alleles 0; Oth alleles 0
COD_2106_Nanopore_8,AY.94,0.0,0.9995576199955762,Delta (B.1.617.2-like),1.000000,0.000000,PLEARN-v1.2.101,3.1.17,2021-11-25,v1.2.101,passed_qc,scorpio call: Alt alleles 13; Ref alleles 0; Amb alleles 0; Oth alleles 0
COD_2106_Nanopore_9,AY.94,0.0,0.9997788589119858,Delta (B.1.617.2-like),1.000000,0.000000,PLEARN-v1.2.101,3.1.17,2021-11-25,v1.2.101,passed_qc,scorpio call: Alt alleles 13; Ref alleles 0; Amb alleles 0; Oth alleles 0
COD_2107_illumina_10,AY.43,0.0,1.0,Delta (B.1.617.2-like),1.000000,0.000000,PLEARN-v1.2.101,3.1.17,2021-11-25,v1.2.101,passed_qc,scorpio call: Alt alleles 13; Ref alleles 0; Amb alleles 0; Oth alleles 0
COD_2107_MinION_10,AY.43,0.0,0.9997788589119858,Delta (B.1.617.2-like),1.000000,0.000000,PLEARN-v1.2.101,3.1.17,2021-11-25,v1.2.101,passed_qc,scorpio call: Alt alleles 13; Ref alleles 0; Amb alleles 0; Oth alleles 0
COD_2107_Illumina_1,B.1.1.7,0.0,0.9997788589119858,Alpha (B.1.1.7-like),0.956500,0.043500,PLEARN-v1.2.101,3.1.17,2021-11-25,v1.2.101,passed_qc,scorpio call: Alt alleles 22; Ref alleles 1; Amb alleles 0; Oth alleles 0
COD_2107_MinION_1,B.1.1.7,0.0,0.9997788589119858,Alpha (B.1.1.7-like),0.956500,0.043500,PLEARN-v1.2.101,3.1.17,2021-11-25,v1.2.101,passed_qc,scorpio call: Alt alleles 22; Ref alleles 1; Amb alleles 0; Oth alleles 0
COD_2107_illumina_2,B.1.351,0.0,0.9997788589119858,Beta (B.1.351-like),0.857100,0.000000,PLEARN-v1.2.101,3.1.17,2021-11-25,v1.2.101,passed_qc,scorpio call: Alt alleles 12; Ref alleles 0; Amb alleles 0; Oth alleles 2
COD_2107_MinION_2,B.1.351,0.0,0.9997788589119858,Beta (B.1.351-like),0.857100,0.000000,PLEARN-v1.2.101,3.1.17,2021-11-25,v1.2.101,passed_qc,scorpio call: Alt alleles 12; Ref alleles 0; Amb alleles 0; Oth alleles 2
COD_2107_illumina_3,A.28,0.0,1.0,,,,PLEARN-v1.2.101,3.1.17,2021-11-25,v1.2.101,passed_qc,
COD_2107_MinION_3,A.28,0.0,1.0,,,,PLEARN-v1.2.101,3.1.17,2021-11-25,v1.2.101,passed_qc,
COD_2107_illumina_4,B.1.621,0.0,1.0,Mu (B.1.621-like),1.000000,0.000000,PLEARN-v1.2.101,3.1.17,2021-11-25,v1.2.101,passed_qc,scorpio call: Alt alleles 27; Ref alleles 0; Amb alleles 0; Oth alleles 0
COD_2107_miion_4,B.1.621,0.0,0.9997788589119858,Mu (B.1.621-like),1.000000,0.000000,PLEARN-v1.2.101,3.1.17,2021-11-25,v1.2.101,passed_qc,scorpio call: Alt alleles 27; Ref alleles 0; Amb alleles 0; Oth alleles 0
COD_2107_illumina_5,P.1,0.0,1.0,Gamma (P.1-like),0.875000,0.000000,PLEARN-v1.2.101,3.1.17,2021-11-25,v1.2.101,passed_qc,scorpio call: Alt alleles 14; Ref alleles 0; Amb alleles 0; Oth alleles 2
COD_2107_MinION_5,P.1,0.0,1.0,Gamma (P.1-like),0.875000,0.000000,PLEARN-v1.2.101,3.1.17,2021-11-25,v1.2.101,passed_qc,scorpio call: Alt alleles 14; Ref alleles 0; Amb alleles 0; Oth alleles 2
COD_2107_illumina_6,AY.9.2,0.0,0.9997788589119858,Delta (B.1.617.2-like),1.000000,0.000000,PLEARN-v1.2.101,3.1.17,2021-11-25,v1.2.101,passed_qc,scorpio call: Alt alleles 13; Ref alleles 0; Amb alleles 0; Oth alleles 0
COD_2107_MinION_6,AY.9.2,0.0,1.0,Delta (B.1.617.2-like),1.000000,0.000000,PLEARN-v1.2.101,3.1.17,2021-11-25,v1.2.101,passed_qc,scorpio call: Alt alleles 13; Ref alleles 0; Amb alleles 0; Oth alleles 0
COD_2107_illumina_7,AY.43,0.0,0.9279450106660346,Delta (B.1.617.2-like),0.923100,0.000000,PLEARN-v1.2.101,3.1.17,2021-11-25,v1.2.101,passed_qc,scorpio call: Alt alleles 12; Ref alleles 0; Amb alleles 1; Oth alleles 0
COD_2107_illumina_8,AY.94,0.0,1.0,Delta (B.1.617.2-like),1.000000,0.000000,PLEARN-v1.2.101,3.1.17,2021-11-25,v1.2.101,passed_qc,scorpio call: Alt alleles 13; Ref alleles 0; Amb alleles 0; Oth alleles 0
COD_2107_MinION_8,AY.94,0.0,1.0,Delta (B.1.617.2-like),1.000000,0.000000,PLEARN-v1.2.101,3.1.17,2021-11-25,v1.2.101,passed_qc,scorpio call: Alt alleles 13; Ref alleles 0; Amb alleles 0; Oth alleles 0
COD_2107_illumina_9,AY.94,0.0,1.0,Delta (B.1.617.2-like),1.000000,0.000000,PLEARN-v1.2.101,3.1.17,2021-11-25,v1.2.101,passed_qc,scorpio call: Alt alleles 13; Ref alleles 0; Amb alleles 0; Oth alleles 0
COD_2107_MinION_9,AY.94,0.0,1.0,Delta (B.1.617.2-like),1.000000,0.000000,PLEARN-v1.2.101,3.1.17,2021-11-25,v1.2.101,passed_qc,scorpio call: Alt alleles 13; Ref alleles 0; Amb alleles 0; Oth alleles 0
COD_2108_10,AY.43,0.0,1.0,Delta (B.1.617.2-like),1.000000,0.000000,PLEARN-v1.2.101,3.1.17,2021-11-25,v1.2.101,passed_qc,scorpio call: Alt alleles 13; Ref alleles 0; Amb alleles 0; Oth alleles 0
COD_2108_1,B.1.1.7,0.0,1.0,Alpha (B.1.1.7-like),0.956500,0.043500,PLEARN-v1.2.101,3.1.17,2021-11-25,v1.2.101,passed_qc,scorpio call: Alt alleles 22; Ref alleles 1; Amb alleles 0; Oth alleles 0
COD_2108_2,B.1.351,0.0,1.0,Beta (B.1.351-like),0.857100,0.000000,PLEARN-v1.2.101,3.1.17,2021-11-25,v1.2.101,passed_qc,scorpio call: Alt alleles 12; Ref alleles 0; Amb alleles 0; Oth alleles 2
COD_2108_3,A.28,0.0,1.0,,,,PLEARN-v1.2.101,3.1.17,2021-11-25,v1.2.101,passed_qc,
COD_2108_4,B.1.621,0.0,1.0,Mu (B.1.621-like),1.000000,0.000000,PLEARN-v1.2.101,3.1.17,2021-11-25,v1.2.101,passed_qc,scorpio call: Alt alleles 27; Ref alleles 0; Amb alleles 0; Oth alleles 0
COD_2108_5,P.1,0.0,1.0,Gamma (P.1-like),0.875000,0.000000,PLEARN-v1.2.101,3.1.17,2021-11-25,v1.2.101,passed_qc,scorpio call: Alt alleles 14; Ref alleles 0; Amb alleles 0; Oth alleles 2
COD_2108_6,AY.9.2,0.0,0.9899508709245198,Delta (B.1.617.2-like),1.000000,0.000000,PLEARN-v1.2.101,3.1.17,2021-11-25,v1.2.101,passed_qc,scorpio call: Alt alleles 13; Ref alleles 0; Amb alleles 0; Oth alleles 0
COD_2108_8,AY.94,0.0,1.0,Delta (B.1.617.2-like),1.000000,0.000000,PLEARN-v1.2.101,3.1.17,2021-11-25,v1.2.101,passed_qc,scorpio call: Alt alleles 13; Ref alleles 0; Amb alleles 0; Oth alleles 0
COD_2108_9,AY.94,0.0,1.0,Delta (B.1.617.2-like),1.000000,0.000000,PLEARN-v1.2.101,3.1.17,2021-11-25,v1.2.101,passed_qc,scorpio call: Alt alleles 13; Ref alleles 0; Amb alleles 0; Oth alleles 0
COD_2109_10,AY.43,0.0,0.9973398359565506,Delta (B.1.617.2-like),0.923100,0.076900,PLEARN-v1.2.101,3.1.17,2021-11-25,v1.2.101,passed_qc,scorpio call: Alt alleles 12; Ref alleles 1; Amb alleles 0; Oth alleles 0
COD_2109_1,B.1.1.7,0.0,0.9997788589119858,Alpha (B.1.1.7-like),0.956500,0.043500,PLEARN-v1.2.101,3.1.17,2021-11-25,v1.2.101,passed_qc,scorpio call: Alt alleles 22; Ref alleles 1; Amb alleles 0; Oth alleles 0
COD_2109_2,B.1.351,0.0,0.9946654812180484,Beta (B.1.351-like),0.857100,0.000000,PLEARN-v1.2.101,3.1.17,2021-11-25,v1.2.101,passed_qc,scorpio call: Alt alleles 12; Ref alleles 0; Amb alleles 1; Oth alleles 1
COD_2109_3,A.28,0.0,1.0,,,,PLEARN-v1.2.101,3.1.17,2021-11-25,v1.2.101,passed_qc,
COD_2109_4,B.1.621,0.0,0.9993362831858407,Mu (B.1.621-like),0.963000,0.037000,PLEARN-v1.2.101,3.1.17,2021-11-25,v1.2.101,passed_qc,scorpio call: Alt alleles 26; Ref alleles 1; Amb alleles 0; Oth alleles 0
COD_2109_5,P.1,0.0,1.0,Gamma (P.1-like),0.875000,0.000000,PLEARN-v1.2.101,3.1.17,2021-11-25,v1.2.101,passed_qc,scorpio call: Alt alleles 14; Ref alleles 0; Amb alleles 0; Oth alleles 2
COD_2109_6,AY.9.2,0.0,0.9867831541218638,Delta (B.1.617.2-like),0.923100,0.000000,PLEARN-v1.2.101,3.1.17,2021-11-25,v1.2.101,passed_qc,scorpio call: Alt alleles 12; Ref alleles 0; Amb alleles 1; Oth alleles 0
COD_2109_8,AY.94,0.0,0.9951121972894912,Delta (B.1.617.2-like),0.923100,0.076900,PLEARN-v1.2.101,3.1.17,2021-11-25,v1.2.101,passed_qc,scorpio call: Alt alleles 12; Ref alleles 1; Amb alleles 0; Oth alleles 0
COD_2109_9,AY.94,0.0,0.9988933156263834,Delta (B.1.617.2-like),0.923100,0.076900,PLEARN-v1.2.101,3.1.17,2021-11-25,v1.2.101,passed_qc,scorpio call: Alt alleles 12; Ref alleles 1; Amb alleles 0; Oth alleles 0
COD_2110_10,AY.43,0.0,1.0,Delta (B.1.617.2-like),1.000000,0.000000,PLEARN-v1.2.101,3.1.17,2021-11-25,v1.2.101,passed_qc,scorpio call: Alt alleles 13; Ref alleles 0; Amb alleles 0; Oth alleles 0
COD_2110_1,B.1.1.7,0.0,1.0,Alpha (B.1.1.7-like),0.956500,0.043500,PLEARN-v1.2.101,3.1.17,2021-11-25,v1.2.101,passed_qc,scorpio call: Alt alleles 22; Ref alleles 1; Amb alleles 0; Oth alleles 0
COD_2110_2,B.1.351,0.0,1.0,Beta (B.1.351-like),0.857100,0.000000,PLEARN-v1.2.101,3.1.17,2021-11-25,v1.2.101,passed_qc,scorpio call: Alt alleles 12; Ref alleles 0; Amb alleles 0; Oth alleles 2
COD_2110_3,A.28,0.0,1.0,,,,PLEARN-v1.2.101,3.1.17,2021-11-25,v1.2.101,passed_qc,
COD_2110_4,B.1.621,0.0,0.9661714285714286,Mu (B.1.621-like),0.963000,0.037000,PLEARN-v1.2.101,3.1.17,2021-11-25,v1.2.101,passed_qc,scorpio call: Alt alleles 26; Ref alleles 1; Amb alleles 0; Oth alleles 0
COD_2110_5,P.1,0.0,1.0,Gamma (P.1-like),0.875000,0.000000,PLEARN-v1.2.101,3.1.17,2021-11-25,v1.2.101,passed_qc,scorpio call: Alt alleles 14; Ref alleles 0; Amb alleles 0; Oth alleles 2
COD_2110_6,AY.9.2,0.0,1.0,Delta (B.1.617.2-like),1.000000,0.000000,PLEARN-v1.2.101,3.1.17,2021-11-25,v1.2.101,passed_qc,scorpio call: Alt alleles 13; Ref alleles 0; Amb alleles 0; Oth alleles 0
COD_2110_8,AY.94,0.0,1.0,Delta (B.1.617.2-like),1.000000,0.000000,PLEARN-v1.2.101,3.1.17,2021-11-25,v1.2.101,passed_qc,scorpio call: Alt alleles 13; Ref alleles 0; Amb alleles 0; Oth alleles 0
COD_2110_9,AY.94,0.0,1.0,Delta (B.1.617.2-like),1.000000,0.000000,PLEARN-v1.2.101,3.1.17,2021-11-25,v1.2.101,passed_qc,scorpio call: Alt alleles 13; Ref alleles 0; Amb alleles 0; Oth alleles 0
COD_2111_10,AY.43,0.0,0.9939946619217082,Delta (B.1.617.2-like),1.000000,0.000000,PLEARN-v1.2.101,3.1.17,2021-11-25,v1.2.101,passed_qc,scorpio call: Alt alleles 13; Ref alleles 0; Amb alleles 0; Oth alleles 0
COD_2111_1,B.1.1.7,0.0,0.9988933156263834,Alpha (B.1.1.7-like),0.913000,0.043500,PLEARN-v1.2.101,3.1.17,2021-11-25,v1.2.101,passed_qc,scorpio call: Alt alleles 21; Ref alleles 1; Amb alleles 1; Oth alleles 0
COD_2111_2,B.1.351,0.0,0.9928746381652194,Beta (B.1.351-like),0.857100,0.000000,PLEARN-v1.2.101,3.1.17,2021-11-25,v1.2.101,passed_qc,scorpio call: Alt alleles 12; Ref alleles 0; Amb alleles 0; Oth alleles 2
COD_2111_3,A.28,0.0,0.9995576199955762,,,,PLEARN-v1.2.101,3.1.17,2021-11-25,v1.2.101,passed_qc,
COD_2111_4,B.1.621,0.0,0.9995576199955762,Mu (B.1.621-like),0.963000,0.000000,PLEARN-v1.2.101,3.1.17,2021-11-25,v1.2.101,passed_qc,scorpio call: Alt alleles 26; Ref alleles 0; Amb alleles 1; Oth alleles 0
COD_2111_5,P.1.12,0.0,0.9417407580720636,Gamma (P.1-like),0.687500,0.000000,PLEARN-v1.2.101,3.1.17,2021-11-25,v1.2.101,passed_qc,scorpio call: Alt alleles 11; Ref alleles 0; Amb alleles 3; Oth alleles 2
COD_2111_6,AY.9.2,0.0,0.996449966718438,Delta (B.1.617.2-like),1.000000,0.000000,PLEARN-v1.2.101,3.1.17,2021-11-25,v1.2.101,passed_qc,scorpio call: Alt alleles 13; Ref alleles 0; Amb alleles 0; Oth alleles 0
COD_2111_8,AY.94,0.0,0.994218367800756,Delta (B.1.617.2-like),1.000000,0.000000,PLEARN-v1.2.101,3.1.17,2021-11-25,v1.2.101,passed_qc,scorpio call: Alt alleles 13; Ref alleles 0; Amb alleles 0; Oth alleles 0
COD_2111_9,AY.94,0.0,0.994218367800756,Delta (B.1.617.2-like),1.000000,0.000000,PLEARN-v1.2.101,3.1.17,2021-11-25,v1.2.101,passed_qc,scorpio call: Alt alleles 13; Ref alleles 0; Amb alleles 0; Oth alleles 0
COD_2112_10,AY.43,0.0,0.9345111896348646,Delta (B.1.617.2-like),0.923100,0.000000,PLEARN-v1.2.101,3.1.17,2021-11-25,v1.2.101,passed_qc,scorpio call: Alt alleles 12; Ref alleles 0; Amb alleles 1; Oth alleles 0
COD_2112_1,B.1.1.7,0.0,0.9928746381652194,Alpha (B.1.1.7-like),0.956500,0.043500,PLEARN-v1.2.101,3.1.17,2021-11-25,v1.2.101,passed_qc,scorpio call: Alt alleles 22; Ref alleles 1; Amb alleles 0; Oth alleles 0
COD_2112_2,B.1.351,0.0,0.9937708565072303,Beta (B.1.351-like),0.857100,0.000000,PLEARN-v1.2.101,3.1.17,2021-11-25,v1.2.101,passed_qc,scorpio call: Alt alleles 12; Ref alleles 0; Amb alleles 0; Oth alleles 2
COD_2112_3,A.28,0.0,0.9913024085637824,,,,PLEARN-v1.2.101,3.1.17,2021-11-25,v1.2.101,passed_qc,
COD_2112_4,B.1.621,0.0,0.9937708565072303,Mu (B.1.621-like),1.000000,0.000000,PLEARN-v1.2.101,3.1.17,2021-11-25,v1.2.101,passed_qc,scorpio call: Alt alleles 27; Ref alleles 0; Amb alleles 0; Oth alleles 0
COD_2112_5,P.1,0.0,1.0,Gamma (P.1-like),0.875000,0.000000,PLEARN-v1.2.101,3.1.17,2021-11-25,v1.2.101,passed_qc,scorpio call: Alt alleles 14; Ref alleles 0; Amb alleles 0; Oth alleles 2
COD_2112_6,AY.9.2,0.0,0.9937708565072303,Delta (B.1.617.2-like),0.923100,0.076900,PLEARN-v1.2.101,3.1.17,2021-11-25,v1.2.101,passed_qc,scorpio call: Alt alleles 12; Ref alleles 1; Amb alleles 0; Oth alleles 0
COD_2112_7,BA.1,0.0,0.9718117754035008,Omicron (BA.1-like),0.827600,0.051700,PLEARN-v1.2.101,3.1.17,2021-11-25,v1.2.101,passed_qc,scorpio call: Alt alleles 48; Ref alleles 3; Amb alleles 5; Oth alleles 2; scorpio replaced lineage assignment C.36.3.1
COD_2112_8,AY.94,0.0,0.9913024085637824,Delta (B.1.617.2-like),1.000000,0.000000,PLEARN-v1.2.101,3.1.17,2021-11-25,v1.2.101,passed_qc,scorpio call: Alt alleles 13; Ref alleles 0; Amb alleles 0; Oth alleles 0
COD_2112_9,AY.94,0.0,0.989047831917747,Delta (B.1.617.2-like),1.000000,0.000000,PLEARN-v1.2.101,3.1.17,2021-11-25,v1.2.101,passed_qc,scorpio call: Alt alleles 13; Ref alleles 0; Amb alleles 0; Oth alleles 0
COD_2113_10,AY.43,0.0,0.9913024085637824,Delta (B.1.617.2-like),1.000000,0.000000,PLEARN-v1.2.101,3.1.17,2021-11-25,v1.2.101,passed_qc,scorpio call: Alt alleles 13; Ref alleles 0; Amb alleles 0; Oth alleles 0
COD_2113_1,B.1.1.7,0.0,0.9997788589119858,Alpha (B.1.1.7-like),0.956500,0.043500,PLEARN-v1.2.101,3.1.17,2021-11-25,v1.2.101,passed_qc,scorpio call: Alt alleles 22; Ref alleles 1; Amb alleles 0; Oth alleles 0
COD_2113_2,B.1.351,0.0,0.9997788589119858,Beta (B.1.351-like),0.857100,0.000000,PLEARN-v1.2.101,3.1.17,2021-11-25,v1.2.101,passed_qc,scorpio call: Alt alleles 12; Ref alleles 0; Amb alleles 0; Oth alleles 2
COD_2113_3,A.28,0.0,1.0,,,,PLEARN-v1.2.101,3.1.17,2021-11-25,v1.2.101,passed_qc,
COD_2113_4,B.1.621,0.0,1.0,Mu (B.1.621-like),1.000000,0.000000,PLEARN-v1.2.101,3.1.17,2021-11-25,v1.2.101,passed_qc,scorpio call: Alt alleles 27; Ref alleles 0; Amb alleles 0; Oth alleles 0
COD_2113_5,P.1,0.0,1.0,Gamma (P.1-like),0.875000,0.000000,PLEARN-v1.2.101,3.1.17,2021-11-25,v1.2.101,passed_qc,scorpio call: Alt alleles 14; Ref alleles 0; Amb alleles 0; Oth alleles 2
COD_2113_6,AY.9.2,0.0,0.9997788589119858,Delta (B.1.617.2-like),1.000000,0.000000,PLEARN-v1.2.101,3.1.17,2021-11-25,v1.2.101,passed_qc,scorpio call: Alt alleles 13; Ref alleles 0; Amb alleles 0; Oth alleles 0
COD_2113_8,AY.94,0.0,1.0,Delta (B.1.617.2-like),1.000000,0.000000,PLEARN-v1.2.101,3.1.17,2021-11-25,v1.2.101,passed_qc,scorpio call: Alt alleles 13; Ref alleles 0; Amb alleles 0; Oth alleles 0
COD_2113_9,AY.94,0.0,1.0,Delta (B.1.617.2-like),1.000000,0.000000,PLEARN-v1.2.101,3.1.17,2021-11-25,v1.2.101,passed_qc,scorpio call: Alt alleles 13; Ref alleles 0; Amb alleles 0; Oth alleles 0
COD_2114_10,AY.43,0.0,0.8664160401002506,Delta (B.1.617.2-like),0.846200,0.000000,PLEARN-v1.2.101,3.1.17,2021-11-25,v1.2.101,passed_qc,scorpio call: Alt alleles 11; Ref alleles 0; Amb alleles 2; Oth alleles 0
COD_2114_1,B.1.1.7,0.0,0.9019179412478757,Alpha (B.1.1.7-like),0.913000,0.043500,PLEARN-v1.2.101,3.1.17,2021-11-25,v1.2.101,passed_qc,scorpio call: Alt alleles 21; Ref alleles 1; Amb alleles 1; Oth alleles 0
COD_2114_2,B.1.351,0.0,0.9865561281649115,Beta (B.1.351-like),0.857100,0.000000,PLEARN-v1.2.101,3.1.17,2021-11-25,v1.2.101,passed_qc,scorpio call: Alt alleles 12; Ref alleles 0; Amb alleles 1; Oth alleles 1
COD_2114_3,A.28,0.0,0.9080154514727184,,,,PLEARN-v1.2.101,3.1.17,2021-11-25,v1.2.101,passed_qc,
COD_2114_4,B.1.621,0.0,0.928706774040739,Mu (B.1.621-like),1.000000,0.000000,PLEARN-v1.2.101,3.1.17,2021-11-25,v1.2.101,passed_qc,scorpio call: Alt alleles 27; Ref alleles 0; Amb alleles 0; Oth alleles 0
COD_2114_5,P.1.14,0.0,0.8279346981083182,Gamma (P.1-like),0.812500,0.000000,PLEARN-v1.2.101,3.1.17,2021-11-25,v1.2.101,passed_qc,scorpio call: Alt alleles 13; Ref alleles 0; Amb alleles 1; Oth alleles 2
COD_2114_6,AY.9.2,0.0,0.8354788877445932,Delta (B.1.617.2-like),0.846200,0.000000,PLEARN-v1.2.101,3.1.17,2021-11-25,v1.2.101,passed_qc,scorpio call: Alt alleles 11; Ref alleles 0; Amb alleles 2; Oth alleles 0
COD_2114_8,AY.94,0.0,0.9534937528921795,Delta (B.1.617.2-like),1.000000,0.000000,PLEARN-v1.2.101,3.1.17,2021-11-25,v1.2.101,passed_qc,scorpio call: Alt alleles 13; Ref alleles 0; Amb alleles 0; Oth alleles 0
COD_2114_9,AY.94,0.0,0.9503365049895567,Delta (B.1.617.2-like),0.923100,0.000000,PLEARN-v1.2.101,3.1.17,2021-11-25,v1.2.101,passed_qc,scorpio call: Alt alleles 12; Ref alleles 0; Amb alleles 1; Oth alleles 0
COD_2115_10,AY.43,0.0,0.9520389249304912,Delta (B.1.617.2-like),1.000000,0.000000,PLEARN-v1.2.101,3.1.17,2021-11-25,v1.2.101,passed_qc,scorpio call: Alt alleles 13; Ref alleles 0; Amb alleles 0; Oth alleles 0
COD_2115_1,B.1.1.7,0.0,0.9755379388448471,Alpha (B.1.1.7-like),0.956500,0.043500,PLEARN-v1.2.101,3.1.17,2021-11-25,v1.2.101,passed_qc,scorpio call: Alt alleles 22; Ref alleles 1; Amb alleles 0; Oth alleles 0
COD_2115_2,B.1.351,0.0,0.9993362831858407,Beta (B.1.351-like),0.785700,0.000000,PLEARN-v1.2.101,3.1.17,2021-11-25,v1.2.101,passed_qc,scorpio call: Alt alleles 11; Ref alleles 0; Amb alleles 1; Oth alleles 2
COD_2115_3,A.28,0.0,0.9032492725509215,,,,PLEARN-v1.2.101,3.1.17,2021-11-25,v1.2.101,passed_qc,
COD_2115_4,B.1.621,0.0,0.8128608923884515,Mu (B.1.621-like),0.740700,0.074100,PLEARN-v1.2.101,3.1.17,2021-11-25,v1.2.101,passed_qc,scorpio call: Alt alleles 20; Ref alleles 2; Amb alleles 3; Oth alleles 2; scorpio replaced lineage assignment B.1.380
COD_2115_5,P.1,0.0,0.9156077679213618,Gamma (P.1-like),0.750000,0.000000,PLEARN-v1.2.101,3.1.17,2021-11-25,v1.2.101,passed_qc,scorpio call: Alt alleles 12; Ref alleles 0; Amb alleles 2; Oth alleles 2
COD_2115_7,AY.43,0.0,0.9124789612887714,Delta (B.1.617.2-like),0.923100,0.000000,PLEARN-v1.2.101,3.1.17,2021-11-25,v1.2.101,passed_qc,scorpio call: Alt alleles 12; Ref alleles 0; Amb alleles 1; Oth alleles 0
COD_2115_8,AY.43,0.0,0.9991148484177915,Delta (B.1.617.2-like),1.000000,0.000000,PLEARN-v1.2.101,3.1.17,2021-11-25,v1.2.101,passed_qc,scorpio call: Alt alleles 13; Ref alleles 0; Amb alleles 0; Oth alleles 0
COD_2115_9,AY.43,0.0,0.9522816770905722,Delta (B.1.617.2-like),1.000000,0.000000,PLEARN-v1.2.101,3.1.17,2021-11-25,v1.2.101,passed_qc,scorpio call: Alt alleles 13; Ref alleles 0; Amb alleles 0; Oth alleles 0
COD_2116_10,AY.43,0.0,0.9503365049895567,Delta (B.1.617.2-like),1.000000,0.000000,PLEARN-v1.2.101,3.1.17,2021-11-25,v1.2.101,passed_qc,scorpio call: Alt alleles 13; Ref alleles 0; Amb alleles 0; Oth alleles 0
COD_2116_1,B.1.1.7,0.0,1.0,Alpha (B.1.1.7-like),0.869600,0.130400,PLEARN-v1.2.101,3.1.17,2021-11-25,v1.2.101,passed_qc,scorpio call: Alt alleles 20; Ref alleles 3; Amb alleles 0; Oth alleles 0
COD_2116_2,B.1.351,0.0,1.0,Beta (B.1.351-like),0.857100,0.000000,PLEARN-v1.2.101,3.1.17,2021-11-25,v1.2.101,passed_qc,scorpio call: Alt alleles 12; Ref alleles 0; Amb alleles 0; Oth alleles 2
COD_2116_3,A.28,0.0,0.9928746381652194,,,,PLEARN-v1.2.101,3.1.17,2021-11-25,v1.2.101,passed_qc,
COD_2116_4,B.1.621,0.0,1.0,Mu (B.1.621-like),1.000000,0.000000,PLEARN-v1.2.101,3.1.17,2021-11-25,v1.2.101,passed_qc,scorpio call: Alt alleles 27; Ref alleles 0; Amb alleles 0; Oth alleles 0
COD_2116_5,P.1,0.0,0.9276908487434803,Gamma (P.1-like),0.812500,0.000000,PLEARN-v1.2.101,3.1.17,2021-11-25,v1.2.101,passed_qc,scorpio call: Alt alleles 13; Ref alleles 0; Amb alleles 1; Oth alleles 2
COD_2116_6,AY.9.2,0.0,0.7025243832472747,Delta (B.1.617.2-like),0.846200,0.000000,PLEARN-v1.2.101,3.1.17,2021-11-25,v1.2.101,passed_qc,scorpio call: Alt alleles 11; Ref alleles 0; Amb alleles 2; Oth alleles 0
COD_2116_8,B.1.617.2,0.0,0.9930988423864648,Delta (B.1.617.2-like),1.000000,0.000000,PLEARN-v1.2.101,3.1.17,2021-11-25,v1.2.101,passed_qc,scorpio call: Alt alleles 13; Ref alleles 0; Amb alleles 0; Oth alleles 0
COD_2116_9,AY.94,0.0,0.9729791099000908,Delta (B.1.617.2-like),1.000000,0.000000,PLEARN-v1.2.101,3.1.17,2021-11-25,v1.2.101,passed_qc,scorpio call: Alt alleles 13; Ref alleles 0; Amb alleles 0; Oth alleles 0
COD_2117_protocol2_10,AY.43,0.0,1.0,Delta (B.1.617.2-like),1.000000,0.000000,PLEARN-v1.2.101,3.1.17,2021-11-25,v1.2.101,passed_qc,scorpio call: Alt alleles 13; Ref alleles 0; Amb alleles 0; Oth alleles 0
COD_2117_protocol2_1,B.1.1.7,0.0,1.0,Alpha (B.1.1.7-like),0.956500,0.043500,PLEARN-v1.2.101,3.1.17,2021-11-25,v1.2.101,passed_qc,scorpio call: Alt alleles 22; Ref alleles 1; Amb alleles 0; Oth alleles 0
COD_2117_protocol2_2,B.1.351,0.0,1.0,Beta (B.1.351-like),0.857100,0.000000,PLEARN-v1.2.101,3.1.17,2021-11-25,v1.2.101,passed_qc,scorpio call: Alt alleles 12; Ref alleles 0; Amb alleles 0; Oth alleles 2
COD_2117_protocol2_3,A.28,0.0,1.0,,,,PLEARN-v1.2.101,3.1.17,2021-11-25,v1.2.101,passed_qc,
COD_2117_protocol2_4,B.1.621,0.0,0.9933229468061429,Mu (B.1.621-like),1.000000,0.000000,PLEARN-v1.2.101,3.1.17,2021-11-25,v1.2.101,passed_qc,scorpio call: Alt alleles 27; Ref alleles 0; Amb alleles 0; Oth alleles 0
COD_2117_protocol2_5,P.1,0.0,1.0,Gamma (P.1-like),0.875000,0.000000,PLEARN-v1.2.101,3.1.17,2021-11-25,v1.2.101,passed_qc,scorpio call: Alt alleles 14; Ref alleles 0; Amb alleles 0; Oth alleles 2
COD_2117_protocol2_6,AY.9.2,0.0,1.0,Delta (B.1.617.2-like),1.000000,0.000000,PLEARN-v1.2.101,3.1.17,2021-11-25,v1.2.101,passed_qc,scorpio call: Alt alleles 13; Ref alleles 0; Amb alleles 0; Oth alleles 0
COD_2117_protocol2_8,AY.94,0.0,1.0,Delta (B.1.617.2-like),1.000000,0.000000,PLEARN-v1.2.101,3.1.17,2021-11-25,v1.2.101,passed_qc,scorpio call: Alt alleles 13; Ref alleles 0; Amb alleles 0; Oth alleles 0
COD_2117_protocol2_9,AY.94,0.0,1.0,Delta (B.1.617.2-like),1.000000,0.000000,PLEARN-v1.2.101,3.1.17,2021-11-25,v1.2.101,passed_qc,scorpio call: Alt alleles 13; Ref alleles 0; Amb alleles 0; Oth alleles 0
COD_2117_10,AY.43,0.0,1.0,Delta (B.1.617.2-like),1.000000,0.000000,PLEARN-v1.2.101,3.1.17,2021-11-25,v1.2.101,passed_qc,scorpio call: Alt alleles 13; Ref alleles 0; Amb alleles 0; Oth alleles 0
COD_2117_1,B.1.1.7,0.0,1.0,Alpha (B.1.1.7-like),0.956500,0.043500,PLEARN-v1.2.101,3.1.17,2021-11-25,v1.2.101,passed_qc,scorpio call: Alt alleles 22; Ref alleles 1; Amb alleles 0; Oth alleles 0
COD_2117_2,B.1.351,0.0,1.0,Beta (B.1.351-like),0.857100,0.000000,PLEARN-v1.2.101,3.1.17,2021-11-25,v1.2.101,passed_qc,scorpio call: Alt alleles 12; Ref alleles 0; Amb alleles 0; Oth alleles 2
COD_2117_3,A.28,0.0,1.0,,,,PLEARN-v1.2.101,3.1.17,2021-11-25,v1.2.101,passed_qc,
COD_2117_4,B.1.621,0.0,0.9933229468061429,Mu (B.1.621-like),1.000000,0.000000,PLEARN-v1.2.101,3.1.17,2021-11-25,v1.2.101,passed_qc,scorpio call: Alt alleles 27; Ref alleles 0; Amb alleles 0; Oth alleles 0
COD_2117_5,P.1,0.0,1.0,Gamma (P.1-like),0.875000,0.000000,PLEARN-v1.2.101,3.1.17,2021-11-25,v1.2.101,passed_qc,scorpio call: Alt alleles 14; Ref alleles 0; Amb alleles 0; Oth alleles 2
COD_2117_6,AY.9.2,0.0,1.0,Delta (B.1.617.2-like),1.000000,0.000000,PLEARN-v1.2.101,3.1.17,2021-11-25,v1.2.101,passed_qc,scorpio call: Alt alleles 13; Ref alleles 0; Amb alleles 0; Oth alleles 0
COD_2117_8,AY.94,0.0,1.0,Delta (B.1.617.2-like),1.000000,0.000000,PLEARN-v1.2.101,3.1.17,2021-11-25,v1.2.101,passed_qc,scorpio call: Alt alleles 13; Ref alleles 0; Amb alleles 0; Oth alleles 0
COD_2117_9,AY.94,0.0,1.0,Delta (B.1.617.2-like),1.000000,0.000000,PLEARN-v1.2.101,3.1.17,2021-11-25,v1.2.101,passed_qc,scorpio call: Alt alleles 13; Ref alleles 0; Amb alleles 0; Oth alleles 0
COD_2119_10,AY.43,0.0,1.0,Delta (B.1.617.2-like),1.000000,0.000000,PLEARN-v1.2.101,3.1.17,2021-11-25,v1.2.101,passed_qc,scorpio call: Alt alleles 13; Ref alleles 0; Amb alleles 0; Oth alleles 0
COD_2119_1,B.1.1.7,0.0,1.0,Alpha (B.1.1.7-like),0.956500,0.043500,PLEARN-v1.2.101,3.1.17,2021-11-25,v1.2.101,passed_qc,scorpio call: Alt alleles 22; Ref alleles 1; Amb alleles 0; Oth alleles 0
COD_2119_2,B.1.351,0.0,1.0,Beta (B.1.351-like),0.857100,0.000000,PLEARN-v1.2.101,3.1.17,2021-11-25,v1.2.101,passed_qc,scorpio call: Alt alleles 12; Ref alleles 0; Amb alleles 0; Oth alleles 2
COD_2119_3,A.28,0.0,1.0,,,,PLEARN-v1.2.101,3.1.17,2021-11-25,v1.2.101,passed_qc,
COD_2119_4,B.1.621,0.0,1.0,Mu (B.1.621-like),0.963000,0.037000,PLEARN-v1.2.101,3.1.17,2021-11-25,v1.2.101,passed_qc,scorpio call: Alt alleles 26; Ref alleles 1; Amb alleles 0; Oth alleles 0
COD_2119_5,P.1,0.0,1.0,Gamma (P.1-like),0.875000,0.000000,PLEARN-v1.2.101,3.1.17,2021-11-25,v1.2.101,passed_qc,scorpio call: Alt alleles 14; Ref alleles 0; Amb alleles 0; Oth alleles 2
COD_2119_6,AY.9.2,0.0,1.0,Delta (B.1.617.2-like),1.000000,0.000000,PLEARN-v1.2.101,3.1.17,2021-11-25,v1.2.101,passed_qc,scorpio call: Alt alleles 13; Ref alleles 0; Amb alleles 0; Oth alleles 0
COD_2119_7,AY.43,0.0,0.9988933156263834,Delta (B.1.617.2-like),1.000000,0.000000,PLEARN-v1.2.101,3.1.17,2021-11-25,v1.2.101,passed_qc,scorpio call: Alt alleles 13; Ref alleles 0; Amb alleles 0; Oth alleles 0
COD_2119_8,AY.94,0.0,1.0,Delta (B.1.617.2-like),1.000000,0.000000,PLEARN-v1.2.101,3.1.17,2021-11-25,v1.2.101,passed_qc,scorpio call: Alt alleles 13; Ref alleles 0; Amb alleles 0; Oth alleles 0
COD_2119_9,AY.94,0.0,1.0,Delta (B.1.617.2-like),1.000000,0.000000,PLEARN-v1.2.101,3.1.17,2021-11-25,v1.2.101,passed_qc,scorpio call: Alt alleles 13; Ref alleles 0; Amb alleles 0; Oth alleles 0
COD_2120_sample10,AY.43,0.0,1.0,Delta (B.1.617.2-like),1.000000,0.000000,PLEARN-v1.2.101,3.1.17,2021-11-25,v1.2.101,passed_qc,scorpio call: Alt alleles 13; Ref alleles 0; Amb alleles 0; Oth alleles 0
COD_2120_sample1,B.1.1.7,0.0,0.9991148484177915,Alpha (B.1.1.7-like),0.956500,0.043500,PLEARN-v1.2.101,3.1.17,2021-11-25,v1.2.101,passed_qc,scorpio call: Alt alleles 22; Ref alleles 1; Amb alleles 0; Oth alleles 0
COD_2120_sample2,B.1.351,0.0,1.0,Beta (B.1.351-like),0.857100,0.000000,PLEARN-v1.2.101,3.1.17,2021-11-25,v1.2.101,passed_qc,scorpio call: Alt alleles 12; Ref alleles 0; Amb alleles 0; Oth alleles 2
COD_2120_sample3,A.28,0.0,1.0,,,,PLEARN-v1.2.101,3.1.17,2021-11-25,v1.2.101,passed_qc,
COD_2120_sample4,B.1.621,0.0,1.0,Mu (B.1.621-like),1.000000,0.000000,PLEARN-v1.2.101,3.1.17,2021-11-25,v1.2.101,passed_qc,scorpio call: Alt alleles 27; Ref alleles 0; Amb alleles 0; Oth alleles 0
COD_2120_sample5,P.1,0.0,0.9991148484177915,Gamma (P.1-like),0.875000,0.000000,PLEARN-v1.2.101,3.1.17,2021-11-25,v1.2.101,passed_qc,scorpio call: Alt alleles 14; Ref alleles 0; Amb alleles 0; Oth alleles 2
COD_2120_sample6,AY.9.2,0.0,0.9960044395116537,Delta (B.1.617.2-like),1.000000,0.000000,PLEARN-v1.2.101,3.1.17,2021-11-25,v1.2.101,passed_qc,scorpio call: Alt alleles 13; Ref alleles 0; Amb alleles 0; Oth alleles 0
COD_2120_sample8,AY.94,0.0,0.9993362831858407,Delta (B.1.617.2-like),1.000000,0.000000,PLEARN-v1.2.101,3.1.17,2021-11-25,v1.2.101,passed_qc,scorpio call: Alt alleles 13; Ref alleles 0; Amb alleles 0; Oth alleles 0
COD_2120_sample9,AY.94,0.0,0.9993362831858407,Delta (B.1.617.2-like),1.000000,0.000000,PLEARN-v1.2.101,3.1.17,2021-11-25,v1.2.101,passed_qc,scorpio call: Alt alleles 13; Ref alleles 0; Amb alleles 0; Oth alleles 0
COD_2121_10,AY.43,0.0,1.0,Delta (B.1.617.2-like),1.000000,0.000000,PLEARN-v1.2.101,3.1.17,2021-11-25,v1.2.101,passed_qc,scorpio call: Alt alleles 13; Ref alleles 0; Amb alleles 0; Oth alleles 0
COD_2121_1,B.1.1.7,0.0,1.0,Alpha (B.1.1.7-like),0.956500,0.043500,PLEARN-v1.2.101,3.1.17,2021-11-25,v1.2.101,passed_qc,scorpio call: Alt alleles 22; Ref alleles 1; Amb alleles 0; Oth alleles 0
COD_2121_2,B.1.351,0.0,1.0,Beta (B.1.351-like),0.857100,0.000000,PLEARN-v1.2.101,3.1.17,2021-11-25,v1.2.101,passed_qc,scorpio call: Alt alleles 12; Ref alleles 0; Amb alleles 0; Oth alleles 2
COD_2121_3,A.28,0.0,1.0,,,,PLEARN-v1.2.101,3.1.17,2021-11-25,v1.2.101,passed_qc,
COD_2121_4,B.1.621,0.0,1.0,Mu (B.1.621-like),1.000000,0.000000,PLEARN-v1.2.101,3.1.17,2021-11-25,v1.2.101,passed_qc,scorpio call: Alt alleles 27; Ref alleles 0; Amb alleles 0; Oth alleles 0
COD_2121_5,P.1,0.0,1.0,Gamma (P.1-like),0.875000,0.000000,PLEARN-v1.2.101,3.1.17,2021-11-25,v1.2.101,passed_qc,scorpio call: Alt alleles 14; Ref alleles 0; Amb alleles 0; Oth alleles 2
COD_2121_6,AY.9.2,0.0,1.0,Delta (B.1.617.2-like),1.000000,0.000000,PLEARN-v1.2.101,3.1.17,2021-11-25,v1.2.101,passed_qc,scorpio call: Alt alleles 13; Ref alleles 0; Amb alleles 0; Oth alleles 0
COD_2121_8,AY.94,0.0,1.0,Delta (B.1.617.2-like),1.000000,0.000000,PLEARN-v1.2.101,3.1.17,2021-11-25,v1.2.101,passed_qc,scorpio call: Alt alleles 13; Ref alleles 0; Amb alleles 0; Oth alleles 0
COD_2121_9,AY.94,0.0,1.0,Delta (B.1.617.2-like),1.000000,0.000000,PLEARN-v1.2.101,3.1.17,2021-11-25,v1.2.101,passed_qc,scorpio call: Alt alleles 13; Ref alleles 0; Amb alleles 0; Oth alleles 0
COD_2122_10,AY.43,0.0,0.8165881737310309,Delta (B.1.617.2-like),1.000000,0.000000,PLEARN-v1.2.101,3.1.17,2021-11-25,v1.2.101,passed_qc,scorpio call: Alt alleles 13; Ref alleles 0; Amb alleles 0; Oth alleles 0
COD_2122_1,Q.4,0.0,0.8523217457498097,Alpha (B.1.1.7-like),0.913000,0.043500,PLEARN-v1.2.101,3.1.17,2021-11-25,v1.2.101,passed_qc,scorpio call: Alt alleles 21; Ref alleles 1; Amb alleles 1; Oth alleles 0
COD_2122_2,B.1.351,0.0,0.8709435846230654,Beta (B.1.351-like),0.785700,0.000000,PLEARN-v1.2.101,3.1.17,2021-11-25,v1.2.101,passed_qc,scorpio call: Alt alleles 11; Ref alleles 0; Amb alleles 2; Oth alleles 1
COD_2122_3,A.28,0.0,0.9595123073383943,,,,PLEARN-v1.2.101,3.1.17,2021-11-25,v1.2.101,passed_qc,
COD_2122_4,B.1.621,0.0,0.9678229119123688,Mu (B.1.621-like),1.000000,0.000000,PLEARN-v1.2.101,3.1.17,2021-11-25,v1.2.101,passed_qc,scorpio call: Alt alleles 27; Ref alleles 0; Amb alleles 0; Oth alleles 0
COD_2122_5,P.1,0.0,0.8396613648024628,Gamma (P.1-like),0.812500,0.000000,PLEARN-v1.2.101,3.1.17,2021-11-25,v1.2.101,passed_qc,scorpio call: Alt alleles 13; Ref alleles 0; Amb alleles 1; Oth alleles 2
COD_2122_6,AY.9.2,0.0,0.7631938747607329,Delta (B.1.617.2-like),0.923100,0.000000,PLEARN-v1.2.101,3.1.17,2021-11-25,v1.2.101,passed_qc,scorpio call: Alt alleles 12; Ref alleles 0; Amb alleles 1; Oth alleles 0
COD_2122_8,AY.94,0.0,0.8829340577920475,Delta (B.1.617.2-like),0.846200,0.000000,PLEARN-v1.2.101,3.1.17,2021-11-25,v1.2.101,passed_qc,scorpio call: Alt alleles 11; Ref alleles 0; Amb alleles 2; Oth alleles 0
COD_2122_9,AY.94,0.0,0.956391324411629,Delta (B.1.617.2-like),1.000000,0.000000,PLEARN-v1.2.101,3.1.17,2021-11-25,v1.2.101,passed_qc,scorpio call: Alt alleles 13; Ref alleles 0; Amb alleles 0; Oth alleles 0
COD_2123_10,AY.43,0.0,0.896829268292683,Delta (B.1.617.2-like),0.923100,0.000000,PLEARN-v1.2.101,3.1.17,2021-11-25,v1.2.101,passed_qc,scorpio call: Alt alleles 12; Ref alleles 0; Amb alleles 1; Oth alleles 0
COD_2123_1,B.1.1.7,0.0,0.9456876456876457,Alpha (B.1.1.7-like),0.913000,0.043500,PLEARN-v1.2.101,3.1.17,2021-11-25,v1.2.101,passed_qc,scorpio call: Alt alleles 21; Ref alleles 1; Amb alleles 1; Oth alleles 0
COD_2123_2,B.1.351,0.0,0.914827255278311,Beta (B.1.351-like),0.714300,0.000000,PLEARN-v1.2.101,3.1.17,2021-11-25,v1.2.101,passed_qc,scorpio call: Alt alleles 10; Ref alleles 0; Amb alleles 3; Oth alleles 1
COD_2123_3,A.28,0.0,0.9392589118198874,,,,PLEARN-v1.2.101,3.1.17,2021-11-25,v1.2.101,passed_qc,
COD_2123_4,B.1.621,0.0,0.9137848222862632,Mu (B.1.621-like),0.925900,0.000000,PLEARN-v1.2.101,3.1.17,2021-11-25,v1.2.101,passed_qc,scorpio call: Alt alleles 25; Ref alleles 0; Amb alleles 1; Oth alleles 1
COD_2123_5,P.1.14,0.0,0.8458790507782598,Gamma (P.1-like),0.812500,0.000000,PLEARN-v1.2.101,3.1.17,2021-11-25,v1.2.101,passed_qc,scorpio call: Alt alleles 13; Ref alleles 0; Amb alleles 1; Oth alleles 2
COD_2123_6,AY.9.2,0.0,0.8892436149312377,Delta (B.1.617.2-like),0.923100,0.000000,PLEARN-v1.2.101,3.1.17,2021-11-25,v1.2.101,passed_qc,scorpio call: Alt alleles 12; Ref alleles 0; Amb alleles 1; Oth alleles 0
COD_2123_8,B.1.617.2,0.0,0.9029832646131457,Delta (B.1.617.2-like),0.846200,0.000000,PLEARN-v1.2.101,3.1.17,2021-11-25,v1.2.101,passed_qc,scorpio call: Alt alleles 11; Ref alleles 0; Amb alleles 2; Oth alleles 0
COD_2123_9,B.1.617.2,0.0,0.9385120863647032,Delta (B.1.617.2-like),0.923100,0.000000,PLEARN-v1.2.101,3.1.17,2021-11-25,v1.2.101,passed_qc,scorpio call: Alt alleles 12; Ref alleles 0; Amb alleles 1; Oth alleles 0
COD_2124_10,AY.43,0.0,1.0,Delta (B.1.617.2-like),1.000000,0.000000,PLEARN-v1.2.101,3.1.17,2021-11-25,v1.2.101,passed_qc,scorpio call: Alt alleles 13; Ref alleles 0; Amb alleles 0; Oth alleles 0
COD_2124_1,B.1.1.7,0.0,1.0,Alpha (B.1.1.7-like),0.956500,0.043500,PLEARN-v1.2.101,3.1.17,2021-11-25,v1.2.101,passed_qc,scorpio call: Alt alleles 22; Ref alleles 1; Amb alleles 0; Oth alleles 0
COD_2124_2,B.1.351,0.0,1.0,Beta (B.1.351-like),0.857100,0.000000,PLEARN-v1.2.101,3.1.17,2021-11-25,v1.2.101,passed_qc,scorpio call: Alt alleles 12; Ref alleles 0; Amb alleles 0; Oth alleles 2
COD_2124_3,A.28,0.0,1.0,,,,PLEARN-v1.2.101,3.1.17,2021-11-25,v1.2.101,passed_qc,
COD_2124_4,B.1.621,0.0,1.0,Mu (B.1.621-like),1.000000,0.000000,PLEARN-v1.2.101,3.1.17,2021-11-25,v1.2.101,passed_qc,scorpio call: Alt alleles 27; Ref alleles 0; Amb alleles 0; Oth alleles 0
COD_2124_6,AY.9.2,0.0,1.0,Delta (B.1.617.2-like),1.000000,0.000000,PLEARN-v1.2.101,3.1.17,2021-11-25,v1.2.101,passed_qc,scorpio call: Alt alleles 13; Ref alleles 0; Amb alleles 0; Oth alleles 0
COD_2124_8,AY.94,0.0,1.0,Delta (B.1.617.2-like),1.000000,0.000000,PLEARN-v1.2.101,3.1.17,2021-11-25,v1.2.101,passed_qc,scorpio call: Alt alleles 13; Ref alleles 0; Amb alleles 0; Oth alleles 0
COD_2124_9,AY.94,0.0,1.0,Delta (B.1.617.2-like),1.000000,0.000000,PLEARN-v1.2.101,3.1.17,2021-11-25,v1.2.101,passed_qc,scorpio call: Alt alleles 13; Ref alleles 0; Amb alleles 0; Oth alleles 0
COD_2125_10,AY.43,0.0,1.0,Delta (B.1.617.2-like),1.000000,0.000000,PLEARN-v1.2.101,3.1.17,2021-11-25,v1.2.101,passed_qc,scorpio call: Alt alleles 13; Ref alleles 0; Amb alleles 0; Oth alleles 0
COD_2125_1,B.1.1.7,0.0,0.9997788589119858,Alpha (B.1.1.7-like),0.956500,0.043500,PLEARN-v1.2.101,3.1.17,2021-11-25,v1.2.101,passed_qc,scorpio call: Alt alleles 22; Ref alleles 1; Amb alleles 0; Oth alleles 0
COD_2125_2,B.1.351,0.0,0.9997788589119858,Beta (B.1.351-like),0.857100,0.000000,PLEARN-v1.2.101,3.1.17,2021-11-25,v1.2.101,passed_qc,scorpio call: Alt alleles 12; Ref alleles 0; Amb alleles 0; Oth alleles 2
COD_2125_3,A.28,0.0,1.0,,,,PLEARN-v1.2.101,3.1.17,2021-11-25,v1.2.101,passed_qc,
COD_2125_4,B.1.621,0.0,1.0,Mu (B.1.621-like),1.000000,0.000000,PLEARN-v1.2.101,3.1.17,2021-11-25,v1.2.101,passed_qc,scorpio call: Alt alleles 27; Ref alleles 0; Amb alleles 0; Oth alleles 0
COD_2125_5,P.1,0.0,1.0,Gamma (P.1-like),0.875000,0.000000,PLEARN-v1.2.101,3.1.17,2021-11-25,v1.2.101,passed_qc,scorpio call: Alt alleles 14; Ref alleles 0; Amb alleles 0; Oth alleles 2
COD_2125_6,AY.9.2,0.0,0.9997788589119858,Delta (B.1.617.2-like),1.000000,0.000000,PLEARN-v1.2.101,3.1.17,2021-11-25,v1.2.101,passed_qc,scorpio call: Alt alleles 13; Ref alleles 0; Amb alleles 0; Oth alleles 0
COD_2125_7-MinION,AY.122,0.0,0.9766968325791855,Delta (B.1.617.2-like),0.923100,0.000000,PLEARN-v1.2.101,3.1.17,2021-11-25,v1.2.101,passed_qc,scorpio call: Alt alleles 12; Ref alleles 0; Amb alleles 0; Oth alleles 1
COD_2125_8,AY.94,0.0,1.0,Delta (B.1.617.2-like),1.000000,0.000000,PLEARN-v1.2.101,3.1.17,2021-11-25,v1.2.101,passed_qc,scorpio call: Alt alleles 13; Ref alleles 0; Amb alleles 0; Oth alleles 0
COD_2125_9,AY.94,0.0,1.0,Delta (B.1.617.2-like),1.000000,0.000000,PLEARN-v1.2.101,3.1.17,2021-11-25,v1.2.101,passed_qc,scorpio call: Alt alleles 13; Ref alleles 0; Amb alleles 0; Oth alleles 0
COD_2126_10,AY.43,0.0,0.99197682193002,Delta (B.1.617.2-like),1.000000,0.000000,PLEARN-v1.2.101,3.1.17,2021-11-25,v1.2.101,passed_qc,scorpio call: Alt alleles 13; Ref alleles 0; Amb alleles 0; Oth alleles 0
COD_2126_1,B.1.1.7,0.0,0.9951121972894912,Alpha (B.1.1.7-like),0.956500,0.043500,PLEARN-v1.2.101,3.1.17,2021-11-25,v1.2.101,passed_qc,scorpio call: Alt alleles 22; Ref alleles 1; Amb alleles 0; Oth alleles 0
COD_2126_2,B.1.351,0.0,0.9997788589119858,Beta (B.1.351-like),0.857100,0.000000,PLEARN-v1.2.101,3.1.17,2021-11-25,v1.2.101,passed_qc,scorpio call: Alt alleles 12; Ref alleles 0; Amb alleles 0; Oth alleles 2
COD_2126_3,A.28,0.0,0.7745868328366297,,,,PLEARN-v1.2.101,3.1.17,2021-11-25,v1.2.101,passed_qc,
COD_2126_4,B.1.621,0.0,0.9995576199955762,Mu (B.1.621-like),1.000000,0.000000,PLEARN-v1.2.101,3.1.17,2021-11-25,v1.2.101,passed_qc,scorpio call: Alt alleles 27; Ref alleles 0; Amb alleles 0; Oth alleles 0
COD_2126_5,P.1,0.0,0.9776220614828209,Gamma (P.1-like),0.875000,0.000000,PLEARN-v1.2.101,3.1.17,2021-11-25,v1.2.101,passed_qc,scorpio call: Alt alleles 14; Ref alleles 0; Amb alleles 0; Oth alleles 2
COD_2126_6,AY.9.2,0.0,0.9988933156263834,Delta (B.1.617.2-like),1.000000,0.000000,PLEARN-v1.2.101,3.1.17,2021-11-25,v1.2.101,passed_qc,scorpio call: Alt alleles 13; Ref alleles 0; Amb alleles 0; Oth alleles 0
COD_2126_7,AY.82,0.0,0.9236078058067587,Delta (B.1.617.2-like),0.615400,0.000000,PLEARN-v1.2.101,3.1.17,2021-11-25,v1.2.101,passed_qc,scorpio call: Alt alleles 8; Ref alleles 0; Amb alleles 5; Oth alleles 0
COD_2126_8,B.1.617.2,0.0,0.9917521176995095,Delta (B.1.617.2-like),1.000000,0.000000,PLEARN-v1.2.101,3.1.17,2021-11-25,v1.2.101,passed_qc,scorpio call: Alt alleles 13; Ref alleles 0; Amb alleles 0; Oth alleles 0
COD_2126_9,AY.94,0.0,0.99197682193002,Delta (B.1.617.2-like),1.000000,0.000000,PLEARN-v1.2.101,3.1.17,2021-11-25,v1.2.101,passed_qc,scorpio call: Alt alleles 13; Ref alleles 0; Amb alleles 0; Oth alleles 0
COD_2127_10,AY.43,0.0,1.0,Delta (B.1.617.2-like),1.000000,0.000000,PLEARN-v1.2.101,3.1.17,2021-11-25,v1.2.101,passed_qc,scorpio call: Alt alleles 13; Ref alleles 0; Amb alleles 0; Oth alleles 0
COD_2127_1,B.1.1.7,0.0,1.0,Alpha (B.1.1.7-like),0.956500,0.043500,PLEARN-v1.2.101,3.1.17,2021-11-25,v1.2.101,passed_qc,scorpio call: Alt alleles 22; Ref alleles 1; Amb alleles 0; Oth alleles 0
COD_2127_2,B.1.351,0.0,1.0,Beta (B.1.351-like),0.857100,0.000000,PLEARN-v1.2.101,3.1.17,2021-11-25,v1.2.101,passed_qc,scorpio call: Alt alleles 12; Ref alleles 0; Amb alleles 0; Oth alleles 2
COD_2127_3,A.28,0.0,1.0,,,,PLEARN-v1.2.101,3.1.17,2021-11-25,v1.2.101,passed_qc,
COD_2127_4,B.1.621,0.0,1.0,Mu (B.1.621-like),1.000000,0.000000,PLEARN-v1.2.101,3.1.17,2021-11-25,v1.2.101,passed_qc,scorpio call: Alt alleles 27; Ref alleles 0; Amb alleles 0; Oth alleles 0
COD_2127_5,P.1,0.0,1.0,Gamma (P.1-like),0.875000,0.000000,PLEARN-v1.2.101,3.1.17,2021-11-25,v1.2.101,passed_qc,scorpio call: Alt alleles 14; Ref alleles 0; Amb alleles 0; Oth alleles 2
COD_2127_6,AY.9.2,0.0,1.0,Delta (B.1.617.2-like),1.000000,0.000000,PLEARN-v1.2.101,3.1.17,2021-11-25,v1.2.101,passed_qc,scorpio call: Alt alleles 13; Ref alleles 0; Amb alleles 0; Oth alleles 0
COD_2127_8,AY.94,0.0,1.0,Delta (B.1.617.2-like),1.000000,0.000000,PLEARN-v1.2.101,3.1.17,2021-11-25,v1.2.101,passed_qc,scorpio call: Alt alleles 13; Ref alleles 0; Amb alleles 0; Oth alleles 0
COD_2127_9,AY.94,0.0,1.0,Delta (B.1.617.2-like),1.000000,0.000000,PLEARN-v1.2.101,3.1.17,2021-11-25,v1.2.101,passed_qc,scorpio call: Alt alleles 13; Ref alleles 0; Amb alleles 0; Oth alleles 0
COD_2129_10,AY.43,0.0,0.9951121972894912,Delta (B.1.617.2-like),1.000000,0.000000,PLEARN-v1.2.101,3.1.17,2021-11-25,v1.2.101,passed_qc,scorpio call: Alt alleles 13; Ref alleles 0; Amb alleles 0; Oth alleles 0
COD_2129_1,B.1.1.7,0.0,0.9951121972894912,Alpha (B.1.1.7-like),0.956500,0.043500,PLEARN-v1.2.101,3.1.17,2021-11-25,v1.2.101,passed_qc,scorpio call: Alt alleles 22; Ref alleles 1; Amb alleles 0; Oth alleles 0
COD_2129_2,B.1.351,0.0,0.9997788589119858,Beta (B.1.351-like),0.857100,0.000000,PLEARN-v1.2.101,3.1.17,2021-11-25,v1.2.101,passed_qc,scorpio call: Alt alleles 12; Ref alleles 0; Amb alleles 0; Oth alleles 2
COD_2129_3,A.28,0.0,0.9935469514908767,,,,PLEARN-v1.2.101,3.1.17,2021-11-25,v1.2.101,passed_qc,
COD_2129_4,B.1.621,0.0,0.9951121972894912,Mu (B.1.621-like),1.000000,0.000000,PLEARN-v1.2.101,3.1.17,2021-11-25,v1.2.101,passed_qc,scorpio call: Alt alleles 27; Ref alleles 0; Amb alleles 0; Oth alleles 0
COD_2129_5,P.1,0.0,0.9957815275310835,Gamma (P.1-like),0.875000,0.000000,PLEARN-v1.2.101,3.1.17,2021-11-25,v1.2.101,passed_qc,scorpio call: Alt alleles 14; Ref alleles 0; Amb alleles 0; Oth alleles 2
COD_2129_6,AY.9.2,0.0,0.9930988423864648,Delta (B.1.617.2-like),1.000000,0.000000,PLEARN-v1.2.101,3.1.17,2021-11-25,v1.2.101,passed_qc,scorpio call: Alt alleles 13; Ref alleles 0; Amb alleles 0; Oth alleles 0
COD_2129_8,AY.94,0.0,0.9951121972894912,Delta (B.1.617.2-like),1.000000,0.000000,PLEARN-v1.2.101,3.1.17,2021-11-25,v1.2.101,passed_qc,scorpio call: Alt alleles 13; Ref alleles 0; Amb alleles 0; Oth alleles 0
COD_2129_9,AY.94,0.0,0.9948888888888889,Delta (B.1.617.2-like),1.000000,0.000000,PLEARN-v1.2.101,3.1.17,2021-11-25,v1.2.101,passed_qc,scorpio call: Alt alleles 13; Ref alleles 0; Amb alleles 0; Oth alleles 0
COD_2131_10,AY.43,0.0,0.9977841790383337,Delta (B.1.617.2-like),1.000000,0.000000,PLEARN-v1.2.101,3.1.17,2021-11-25,v1.2.101,passed_qc,scorpio call: Alt alleles 13; Ref alleles 0; Amb alleles 0; Oth alleles 0
COD_2131_1,B.1.1.7,0.0,1.0,Alpha (B.1.1.7-like),0.956500,0.043500,PLEARN-v1.2.101,3.1.17,2021-11-25,v1.2.101,passed_qc,scorpio call: Alt alleles 22; Ref alleles 1; Amb alleles 0; Oth alleles 0
COD_2131_2,B.1.351,0.0,1.0,Beta (B.1.351-like),0.857100,0.000000,PLEARN-v1.2.101,3.1.17,2021-11-25,v1.2.101,passed_qc,scorpio call: Alt alleles 12; Ref alleles 0; Amb alleles 0; Oth alleles 2
COD_2131_3,A.28,0.0,1.0,,,,PLEARN-v1.2.101,3.1.17,2021-11-25,v1.2.101,passed_qc,
COD_2131_4,B.1.621,0.0,0.9995576199955762,Mu (B.1.621-like),1.000000,0.000000,PLEARN-v1.2.101,3.1.17,2021-11-25,v1.2.101,passed_qc,scorpio call: Alt alleles 27; Ref alleles 0; Amb alleles 0; Oth alleles 0
COD_2131_5,P.1,0.0,0.9984499557130204,Gamma (P.1-like),0.875000,0.000000,PLEARN-v1.2.101,3.1.17,2021-11-25,v1.2.101,passed_qc,scorpio call: Alt alleles 14; Ref alleles 0; Amb alleles 0; Oth alleles 2
COD_2131_6,AY.9.2,0.0,0.9953354064860063,Delta (B.1.617.2-like),1.000000,0.000000,PLEARN-v1.2.101,3.1.17,2021-11-25,v1.2.101,passed_qc,scorpio call: Alt alleles 13; Ref alleles 0; Amb alleles 0; Oth alleles 0
COD_2131_8,AY.94,0.0,1.0,Delta (B.1.617.2-like),1.000000,0.000000,PLEARN-v1.2.101,3.1.17,2021-11-25,v1.2.101,passed_qc,scorpio call: Alt alleles 13; Ref alleles 0; Amb alleles 0; Oth alleles 0
COD_2131_9,AY.94,0.0,0.9988933156263834,Delta (B.1.617.2-like),1.000000,0.000000,PLEARN-v1.2.101,3.1.17,2021-11-25,v1.2.101,passed_qc,scorpio call: Alt alleles 13; Ref alleles 0; Amb alleles 0; Oth alleles 0
COD_2132_10,AY.43,0.0,0.8759940357852882,Delta (B.1.617.2-like),0.846200,0.000000,PLEARN-v1.2.101,3.1.17,2021-11-25,v1.2.101,passed_qc,scorpio call: Alt alleles 11; Ref alleles 0; Amb alleles 2; Oth alleles 0
COD_2132_1,B.1.1.7,0.0,0.9161274862209442,Alpha (B.1.1.7-like),0.826100,0.043500,PLEARN-v1.2.101,3.1.17,2021-11-25,v1.2.101,passed_qc,scorpio call: Alt alleles 19; Ref alleles 1; Amb alleles 3; Oth alleles 0
COD_2132_2,B.1.351,0.0,0.9913024085637824,Beta (B.1.351-like),0.857100,0.000000,PLEARN-v1.2.101,3.1.17,2021-11-25,v1.2.101,passed_qc,scorpio call: Alt alleles 12; Ref alleles 0; Amb alleles 1; Oth alleles 1
COD_2132_3,A.28,0.0,0.967351598173516,,,,PLEARN-v1.2.101,3.1.17,2021-11-25,v1.2.101,passed_qc,
COD_2132_4,B.1.621,0.0,0.8856861295885686,Mu (B.1.621-like),0.963000,0.000000,PLEARN-v1.2.101,3.1.17,2021-11-25,v1.2.101,passed_qc,scorpio call: Alt alleles 26; Ref alleles 0; Amb alleles 1; Oth alleles 0
COD_2132_5,P.1.14,0.0,0.9228387711359848,Gamma (P.1-like),0.812500,0.000000,PLEARN-v1.2.101,3.1.17,2021-11-25,v1.2.101,passed_qc,scorpio call: Alt alleles 13; Ref alleles 0; Amb alleles 1; Oth alleles 2
COD_2132_6,AY.9.2,0.0,0.8703796203796204,Delta (B.1.617.2-like),0.692300,0.153800,PLEARN-v1.2.101,3.1.17,2021-11-25,v1.2.101,passed_qc,scorpio call: Alt alleles 9; Ref alleles 2; Amb alleles 2; Oth alleles 0
COD_2132_7,AY.43,0.0,0.7251972942502818,Delta (B.1.617.2-like),0.538500,0.153800,PLEARN-v1.2.101,3.1.17,2021-11-25,v1.2.101,passed_qc,scorpio call: Alt alleles 7; Ref alleles 2; Amb alleles 4; Oth alleles 0
COD_2132_8,AY.94,0.0,0.9778531073446328,Delta (B.1.617.2-like),1.000000,0.000000,PLEARN-v1.2.101,3.1.17,2021-11-25,v1.2.101,passed_qc,scorpio call: Alt alleles 13; Ref alleles 0; Amb alleles 0; Oth alleles 0
COD_2132_9,AY.94,0.0,0.9547030275017333,Delta (B.1.617.2-like),0.923100,0.000000,PLEARN-v1.2.101,3.1.17,2021-11-25,v1.2.101,passed_qc,scorpio call: Alt alleles 12; Ref alleles 0; Amb alleles 1; Oth alleles 0
COD_2134_10,AY.43,0.0,1.0,Delta (B.1.617.2-like),1.000000,0.000000,PLEARN-v1.2.101,3.1.17,2021-11-25,v1.2.101,passed_qc,scorpio call: Alt alleles 13; Ref alleles 0; Amb alleles 0; Oth alleles 0
COD_2134_1,B.1.1.7,0.0,1.0,Alpha (B.1.1.7-like),0.956500,0.043500,PLEARN-v1.2.101,3.1.17,2021-11-25,v1.2.101,passed_qc,scorpio call: Alt alleles 22; Ref alleles 1; Amb alleles 0; Oth alleles 0
COD_2134_2,B.1.351,0.0,1.0,Beta (B.1.351-like),0.857100,0.000000,PLEARN-v1.2.101,3.1.17,2021-11-25,v1.2.101,passed_qc,scorpio call: Alt alleles 12; Ref alleles 0; Amb alleles 0; Oth alleles 2
COD_2134_3,A.28,0.0,1.0,,,,PLEARN-v1.2.101,3.1.17,2021-11-25,v1.2.101,passed_qc,
COD_2134_4,B.1.621,0.0,1.0,Mu (B.1.621-like),1.000000,0.000000,PLEARN-v1.2.101,3.1.17,2021-11-25,v1.2.101,passed_qc,scorpio call: Alt alleles 27; Ref alleles 0; Amb alleles 0; Oth alleles 0
COD_2134_5,P.1,0.0,1.0,Gamma (P.1-like),0.875000,0.000000,PLEARN-v1.2.101,3.1.17,2021-11-25,v1.2.101,passed_qc,scorpio call: Alt alleles 14; Ref alleles 0; Amb alleles 0; Oth alleles 2
COD_2134_6,AY.9.2,0.0,0.9982281284606866,Delta (B.1.617.2-like),1.000000,0.000000,PLEARN-v1.2.101,3.1.17,2021-11-25,v1.2.101,passed_qc,scorpio call: Alt alleles 13; Ref alleles 0; Amb alleles 0; Oth alleles 0
COD_2134_7,AY.43,0.0,0.9367653972731547,Delta (B.1.617.2-like),0.923100,0.076900,PLEARN-v1.2.101,3.1.17,2021-11-25,v1.2.101,passed_qc,scorpio call: Alt alleles 12; Ref alleles 1; Amb alleles 0; Oth alleles 0
COD_2134_8,AY.94,0.0,1.0,Delta (B.1.617.2-like),1.000000,0.000000,PLEARN-v1.2.101,3.1.17,2021-11-25,v1.2.101,passed_qc,scorpio call: Alt alleles 13; Ref alleles 0; Amb alleles 0; Oth alleles 0
COD_2134_9,AY.94,0.0,1.0,Delta (B.1.617.2-like),1.000000,0.000000,PLEARN-v1.2.101,3.1.17,2021-11-25,v1.2.101,passed_qc,scorpio call: Alt alleles 13; Ref alleles 0; Amb alleles 0; Oth alleles 0
COD_2135_10,AY.43,0.0,1.0,Delta (B.1.617.2-like),0.923100,0.076900,PLEARN-v1.2.101,3.1.17,2021-11-25,v1.2.101,passed_qc,scorpio call: Alt alleles 12; Ref alleles 1; Amb alleles 0; Oth alleles 0
COD_2135_1,B.1.1.7,0.0,1.0,Alpha (B.1.1.7-like),0.956500,0.043500,PLEARN-v1.2.101,3.1.17,2021-11-25,v1.2.101,passed_qc,scorpio call: Alt alleles 22; Ref alleles 1; Amb alleles 0; Oth alleles 0
COD_2135_2,B.1.351,0.0,1.0,Beta (B.1.351-like),0.857100,0.000000,PLEARN-v1.2.101,3.1.17,2021-11-25,v1.2.101,passed_qc,scorpio call: Alt alleles 12; Ref alleles 0; Amb alleles 0; Oth alleles 2
COD_2135_3,A.28,0.0,1.0,,,,PLEARN-v1.2.101,3.1.17,2021-11-25,v1.2.101,passed_qc,
COD_2135_4,B.1.621,0.0,1.0,Mu (B.1.621-like),1.000000,0.000000,PLEARN-v1.2.101,3.1.17,2021-11-25,v1.2.101,passed_qc,scorpio call: Alt alleles 27; Ref alleles 0; Amb alleles 0; Oth alleles 0
COD_2135_5,P.1,0.0,1.0,Gamma (P.1-like),0.875000,0.000000,PLEARN-v1.2.101,3.1.17,2021-11-25,v1.2.101,passed_qc,scorpio call: Alt alleles 14; Ref alleles 0; Amb alleles 0; Oth alleles 2
COD_2135_6,AY.9.2,0.0,1.0,Delta (B.1.617.2-like),0.923100,0.076900,PLEARN-v1.2.101,3.1.17,2021-11-25,v1.2.101,passed_qc,scorpio call: Alt alleles 12; Ref alleles 1; Amb alleles 0; Oth alleles 0
COD_2135_7,None,,,,,,PLEARN-v1.2.101,3.1.17,2021-11-25,v1.2.101,passed_qc,pangoLEARN lineage assignment B.1.1.529 was not supported by scorpio
COD_2135_8,AY.94,0.0,1.0,Delta (B.1.617.2-like),0.923100,0.076900,PLEARN-v1.2.101,3.1.17,2021-11-25,v1.2.101,passed_qc,scorpio call: Alt alleles 12; Ref alleles 1; Amb alleles 0; Oth alleles 0
COD_2135_9,AY.94,0.0,1.0,Delta (B.1.617.2-like),0.923100,0.076900,PLEARN-v1.2.101,3.1.17,2021-11-25,v1.2.101,passed_qc,scorpio call: Alt alleles 12; Ref alleles 1; Amb alleles 0; Oth alleles 0
COD_2136_10,AY.43,0.0,0.9980062029242357,Delta (B.1.617.2-like),1.000000,0.000000,PLEARN-v1.2.101,3.1.17,2021-11-25,v1.2.101,passed_qc,scorpio call: Alt alleles 13; Ref alleles 0; Amb alleles 0; Oth alleles 0
COD_2136_1,B.1.1.7,0.0,0.9986716847465131,Alpha (B.1.1.7-like),0.956500,0.043500,PLEARN-v1.2.101,3.1.17,2021-11-25,v1.2.101,passed_qc,scorpio call: Alt alleles 22; Ref alleles 1; Amb alleles 0; Oth alleles 0
COD_2136_2,B.1.351,0.0,0.9980062029242357,Beta (B.1.351-like),0.857100,0.000000,PLEARN-v1.2.101,3.1.17,2021-11-25,v1.2.101,passed_qc,scorpio call: Alt alleles 12; Ref alleles 0; Amb alleles 0; Oth alleles 2
COD_2136_3,A.28,0.0,0.9986716847465131,,,,PLEARN-v1.2.101,3.1.17,2021-11-25,v1.2.101,passed_qc,
COD_2136_4,B.1.621,0.0,0.9991148484177915,Mu (B.1.621-like),0.963000,0.000000,PLEARN-v1.2.101,3.1.17,2021-11-25,v1.2.101,passed_qc,scorpio call: Alt alleles 26; Ref alleles 0; Amb alleles 1; Oth alleles 0
COD_2136_5,P.1,0.0,0.9986716847465131,Gamma (P.1-like),0.875000,0.000000,PLEARN-v1.2.101,3.1.17,2021-11-25,v1.2.101,passed_qc,scorpio call: Alt alleles 14; Ref alleles 0; Amb alleles 0; Oth alleles 2
COD_2136_6,AY.9.2,0.0,0.9966725820763088,Delta (B.1.617.2-like),1.000000,0.000000,PLEARN-v1.2.101,3.1.17,2021-11-25,v1.2.101,passed_qc,scorpio call: Alt alleles 13; Ref alleles 0; Amb alleles 0; Oth alleles 0
COD_2136_7,AY.43,0.0,0.9792371925073347,Delta (B.1.617.2-like),1.000000,0.000000,PLEARN-v1.2.101,3.1.17,2021-11-25,v1.2.101,passed_qc,scorpio call: Alt alleles 13; Ref alleles 0; Amb alleles 0; Oth alleles 0
COD_2136_8,AY.94,0.0,0.9997788589119858,Delta (B.1.617.2-like),1.000000,0.000000,PLEARN-v1.2.101,3.1.17,2021-11-25,v1.2.101,passed_qc,scorpio call: Alt alleles 13; Ref alleles 0; Amb alleles 0; Oth alleles 0
COD_2136_9,AY.94,0.0,0.9997788589119858,Delta (B.1.617.2-like),1.000000,0.000000,PLEARN-v1.2.101,3.1.17,2021-11-25,v1.2.101,passed_qc,scorpio call: Alt alleles 13; Ref alleles 0; Amb alleles 0; Oth alleles 0
COD_2137_10,AY.43,0.0,0.9865561281649115,Delta (B.1.617.2-like),0.923100,0.000000,PLEARN-v1.2.101,3.1.17,2021-11-25,v1.2.101,passed_qc,scorpio call: Alt alleles 12; Ref alleles 0; Amb alleles 0; Oth alleles 1
COD_2137_1,B.1.1.7,0.0,0.9910774035244256,Alpha (B.1.1.7-like),0.956500,0.043500,PLEARN-v1.2.101,3.1.17,2021-11-25,v1.2.101,passed_qc,scorpio call: Alt alleles 22; Ref alleles 1; Amb alleles 0; Oth alleles 0
COD_2137_2,B.1.351,0.0,0.9928746381652194,Beta (B.1.351-like),0.857100,0.000000,PLEARN-v1.2.101,3.1.17,2021-11-25,v1.2.101,passed_qc,scorpio call: Alt alleles 12; Ref alleles 0; Amb alleles 0; Oth alleles 2
COD_2137_3,A.28,0.0,0.99017637865595,,,,PLEARN-v1.2.101,3.1.17,2021-11-25,v1.2.101,passed_qc,
COD_2137_4,B.1.621,0.0,0.9968950986915058,Mu (B.1.621-like),1.000000,0.000000,PLEARN-v1.2.101,3.1.17,2021-11-25,v1.2.101,passed_qc,scorpio call: Alt alleles 27; Ref alleles 0; Amb alleles 0; Oth alleles 0
COD_2137_5,P.1,0.0,0.9854194706146254,,,,PLEARN-v1.2.101,3.1.17,2021-11-25,v1.2.101,passed_qc,
COD_2137_6,AY.43,0.0,0.9040465228979888,Delta (B.1.617.2-like),0.692300,0.000000,PLEARN-v1.2.101,3.1.17,2021-11-25,v1.2.101,passed_qc,scorpio call: Alt alleles 9; Ref alleles 0; Amb alleles 3; Oth alleles 1
COD_2137_7,AY.43,0.0,0.9722790274937514,Delta (B.1.617.2-like),0.923100,0.000000,PLEARN-v1.2.101,3.1.17,2021-11-25,v1.2.101,passed_qc,scorpio call: Alt alleles 12; Ref alleles 0; Amb alleles 0; Oth alleles 1
COD_2137_8,AY.94,0.0,0.9888218198077353,Delta (B.1.617.2-like),0.923100,0.000000,PLEARN-v1.2.101,3.1.17,2021-11-25,v1.2.101,passed_qc,scorpio call: Alt alleles 12; Ref alleles 0; Amb alleles 1; Oth alleles 0
COD_2137_9,AY.94,0.0,0.9856470060551693,Delta (B.1.617.2-like),0.923100,0.000000,PLEARN-v1.2.101,3.1.17,2021-11-25,v1.2.101,passed_qc,scorpio call: Alt alleles 12; Ref alleles 0; Amb alleles 1; Oth alleles 0
COD_2139_10,AY.43,0.0,0.9930988423864648,Delta (B.1.617.2-like),1.000000,0.000000,PLEARN-v1.2.101,3.1.17,2021-11-25,v1.2.101,passed_qc,scorpio call: Alt alleles 13; Ref alleles 0; Amb alleles 0; Oth alleles 0
COD_2139_1,B.1.1.7,0.0,0.9997788589119858,Alpha (B.1.1.7-like),0.956500,0.043500,PLEARN-v1.2.101,3.1.17,2021-11-25,v1.2.101,passed_qc,scorpio call: Alt alleles 22; Ref alleles 1; Amb alleles 0; Oth alleles 0
COD_2139_2,B.1.351,0.0,0.9997788589119858,Beta (B.1.351-like),0.857100,0.000000,PLEARN-v1.2.101,3.1.17,2021-11-25,v1.2.101,passed_qc,scorpio call: Alt alleles 12; Ref alleles 0; Amb alleles 0; Oth alleles 2
COD_2139_3,A.28,0.0,1.0,,,,PLEARN-v1.2.101,3.1.17,2021-11-25,v1.2.101,passed_qc,
COD_2139_4,B.1.621,0.0,0.9995576199955762,Mu (B.1.621-like),0.925900,0.000000,PLEARN-v1.2.101,3.1.17,2021-11-25,v1.2.101,passed_qc,scorpio call: Alt alleles 25; Ref alleles 0; Amb alleles 1; Oth alleles 1
COD_2139_5,P.1,0.0,1.0,Gamma (P.1-like),0.875000,0.000000,PLEARN-v1.2.101,3.1.17,2021-11-25,v1.2.101,passed_qc,scorpio call: Alt alleles 14; Ref alleles 0; Amb alleles 0; Oth alleles 2
COD_2139_6,AY.9.2,0.0,0.9995576199955762,Delta (B.1.617.2-like),1.000000,0.000000,PLEARN-v1.2.101,3.1.17,2021-11-25,v1.2.101,passed_qc,scorpio call: Alt alleles 13; Ref alleles 0; Amb alleles 0; Oth alleles 0
COD_2139_7,AY.43,0.0,0.9935469514908767,Delta (B.1.617.2-like),1.000000,0.000000,PLEARN-v1.2.101,3.1.17,2021-11-25,v1.2.101,passed_qc,scorpio call: Alt alleles 13; Ref alleles 0; Amb alleles 0; Oth alleles 0
COD_2139_8,B.1.617.2,0.0,0.9997788589119858,Delta (B.1.617.2-like),1.000000,0.000000,PLEARN-v1.2.101,3.1.17,2021-11-25,v1.2.101,passed_qc,scorpio call: Alt alleles 13; Ref alleles 0; Amb alleles 0; Oth alleles 0
COD_2139_9,B.1.617.2,0.0,0.9997788589119858,Delta (B.1.617.2-like),1.000000,0.000000,PLEARN-v1.2.101,3.1.17,2021-11-25,v1.2.101,passed_qc,scorpio call: Alt alleles 13; Ref alleles 0; Amb alleles 0; Oth alleles 0
COD_2141_10,AY.43,0.0,1.0,Delta (B.1.617.2-like),1.000000,0.000000,PLEARN-v1.2.101,3.1.17,2021-11-25,v1.2.101,passed_qc,scorpio call: Alt alleles 13; Ref alleles 0; Amb alleles 0; Oth alleles 0
COD_2141_1,B.1.1.7,0.0,1.0,Alpha (B.1.1.7-like),0.956500,0.043500,PLEARN-v1.2.101,3.1.17,2021-11-25,v1.2.101,passed_qc,scorpio call: Alt alleles 22; Ref alleles 1; Amb alleles 0; Oth alleles 0
COD_2141_2,B.1.351,0.0,1.0,Beta (B.1.351-like),0.857100,0.000000,PLEARN-v1.2.101,3.1.17,2021-11-25,v1.2.101,passed_qc,scorpio call: Alt alleles 12; Ref alleles 0; Amb alleles 0; Oth alleles 2
COD_2141_3,A.28,0.0,1.0,,,,PLEARN-v1.2.101,3.1.17,2021-11-25,v1.2.101,passed_qc,
COD_2141_4,B.1.621,0.0,0.9944419742107603,Mu (B.1.621-like),1.000000,0.000000,PLEARN-v1.2.101,3.1.17,2021-11-25,v1.2.101,passed_qc,scorpio call: Alt alleles 27; Ref alleles 0; Amb alleles 0; Oth alleles 0
COD_2141_5,P.1,0.0,1.0,Gamma (P.1-like),0.875000,0.000000,PLEARN-v1.2.101,3.1.17,2021-11-25,v1.2.101,passed_qc,scorpio call: Alt alleles 14; Ref alleles 0; Amb alleles 0; Oth alleles 2
COD_2141_6,AY.9.2,0.0,1.0,Delta (B.1.617.2-like),1.000000,0.000000,PLEARN-v1.2.101,3.1.17,2021-11-25,v1.2.101,passed_qc,scorpio call: Alt alleles 13; Ref alleles 0; Amb alleles 0; Oth alleles 0
COD_2141_7,AY.43,0.0,1.0,Delta (B.1.617.2-like),1.000000,0.000000,PLEARN-v1.2.101,3.1.17,2021-11-25,v1.2.101,passed_qc,scorpio call: Alt alleles 13; Ref alleles 0; Amb alleles 0; Oth alleles 0
COD_2141_8,AY.94,0.0,1.0,Delta (B.1.617.2-like),1.000000,0.000000,PLEARN-v1.2.101,3.1.17,2021-11-25,v1.2.101,passed_qc,scorpio call: Alt alleles 13; Ref alleles 0; Amb alleles 0; Oth alleles 0
COD_2141_9,AY.94,0.0,1.0,Delta (B.1.617.2-like),1.000000,0.000000,PLEARN-v1.2.101,3.1.17,2021-11-25,v1.2.101,passed_qc,scorpio call: Alt alleles 13; Ref alleles 0; Amb alleles 0; Oth alleles 0
COD_2143_10,AY.43,0.0,0.9995576199955762,Delta (B.1.617.2-like),1.000000,0.000000,PLEARN-v1.2.101,3.1.17,2021-11-25,v1.2.101,passed_qc,scorpio call: Alt alleles 13; Ref alleles 0; Amb alleles 0; Oth alleles 0
COD_2143_1,B.1.1.7,0.0,1.0,Alpha (B.1.1.7-like),0.956500,0.043500,PLEARN-v1.2.101,3.1.17,2021-11-25,v1.2.101,passed_qc,scorpio call: Alt alleles 22; Ref alleles 1; Amb alleles 0; Oth alleles 0
COD_2143_2,B.1.351,0.0,0.989047831917747,Beta (B.1.351-like),0.857100,0.000000,PLEARN-v1.2.101,3.1.17,2021-11-25,v1.2.101,passed_qc,scorpio call: Alt alleles 12; Ref alleles 0; Amb alleles 0; Oth alleles 2
COD_2143_3,A.28,0.0,1.0,,,,PLEARN-v1.2.101,3.1.17,2021-11-25,v1.2.101,passed_qc,
COD_2143_4,B.1.621,0.0,0.9988933156263834,Mu (B.1.621-like),0.963000,0.037000,PLEARN-v1.2.101,3.1.17,2021-11-25,v1.2.101,passed_qc,scorpio call: Alt alleles 26; Ref alleles 1; Amb alleles 0; Oth alleles 0
COD_2143_5,P.1,0.0,1.0,Gamma (P.1-like),0.875000,0.000000,PLEARN-v1.2.101,3.1.17,2021-11-25,v1.2.101,passed_qc,scorpio call: Alt alleles 14; Ref alleles 0; Amb alleles 0; Oth alleles 2
COD_2143_6,AY.9.2,0.0,1.0,Delta (B.1.617.2-like),1.000000,0.000000,PLEARN-v1.2.101,3.1.17,2021-11-25,v1.2.101,passed_qc,scorpio call: Alt alleles 13; Ref alleles 0; Amb alleles 0; Oth alleles 0
COD_2143_7,AY.43,0.0,0.9986716847465131,Delta (B.1.617.2-like),1.000000,0.000000,PLEARN-v1.2.101,3.1.17,2021-11-25,v1.2.101,passed_qc,scorpio call: Alt alleles 13; Ref alleles 0; Amb alleles 0; Oth alleles 0
COD_2143_8,AY.94,0.0,1.0,Delta (B.1.617.2-like),1.000000,0.000000,PLEARN-v1.2.101,3.1.17,2021-11-25,v1.2.101,passed_qc,scorpio call: Alt alleles 13; Ref alleles 0; Amb alleles 0; Oth alleles 0
COD_2143_9,AY.94,0.0,1.0,Delta (B.1.617.2-like),1.000000,0.000000,PLEARN-v1.2.101,3.1.17,2021-11-25,v1.2.101,passed_qc,scorpio call: Alt alleles 13; Ref alleles 0; Amb alleles 0; Oth alleles 0
COD_2140_10,AY.43,0.0,0.9997788589119858,Delta (B.1.617.2-like),1.000000,0.000000,PLEARN-v1.2.101,3.1.17,2021-11-25,v1.2.101,passed_qc,scorpio call: Alt alleles 13; Ref alleles 0; Amb alleles 0; Oth alleles 0
COD_2140_1,B.1.1.7,0.0,0.9995576199955762,Alpha (B.1.1.7-like),0.913000,0.043500,PLEARN-v1.2.101,3.1.17,2021-11-25,v1.2.101,passed_qc,scorpio call: Alt alleles 21; Ref alleles 1; Amb alleles 1; Oth alleles 0
COD_2140_2,B.1.351,0.0,0.9997788589119858,Beta (B.1.351-like),0.857100,0.000000,PLEARN-v1.2.101,3.1.17,2021-11-25,v1.2.101,passed_qc,scorpio call: Alt alleles 12; Ref alleles 0; Amb alleles 0; Oth alleles 2
COD_2140_3,A.28,0.0,1.0,,,,PLEARN-v1.2.101,3.1.17,2021-11-25,v1.2.101,passed_qc,
COD_2140_4,B.1.621,0.0,0.9993362831858407,Mu (B.1.621-like),0.963000,0.000000,PLEARN-v1.2.101,3.1.17,2021-11-25,v1.2.101,passed_qc,scorpio call: Alt alleles 26; Ref alleles 0; Amb alleles 1; Oth alleles 0
COD_2140_5,P.1,0.0,1.0,Gamma (P.1-like),0.875000,0.000000,PLEARN-v1.2.101,3.1.17,2021-11-25,v1.2.101,passed_qc,scorpio call: Alt alleles 14; Ref alleles 0; Amb alleles 0; Oth alleles 2
COD_2140_6,AY.61,0.0,0.7935449453187516,Delta (B.1.617.2-like),0.769200,0.000000,PLEARN-v1.2.101,3.1.17,2021-11-25,v1.2.101,passed_qc,scorpio call: Alt alleles 10; Ref alleles 0; Amb alleles 3; Oth alleles 0
COD_2140_7,AY.43,0.0,0.9888218198077353,Delta (B.1.617.2-like),1.000000,0.000000,PLEARN-v1.2.101,3.1.17,2021-11-25,v1.2.101,passed_qc,scorpio call: Alt alleles 13; Ref alleles 0; Amb alleles 0; Oth alleles 0
COD_2140_8,AY.94,0.0,1.0,Delta (B.1.617.2-like),1.000000,0.000000,PLEARN-v1.2.101,3.1.17,2021-11-25,v1.2.101,passed_qc,scorpio call: Alt alleles 13; Ref alleles 0; Amb alleles 0; Oth alleles 0
COD_2140_9,AY.94,0.0,1.0,Delta (B.1.617.2-like),1.000000,0.000000,PLEARN-v1.2.101,3.1.17,2021-11-25,v1.2.101,passed_qc,scorpio call: Alt alleles 13; Ref alleles 0; Amb alleles 0; Oth alleles 0
COD_2106_Illumina_7,None,,,,,,PANGO-v1.2.101,3.1.17,2021-11-25,v1.2.101,fail,N_content:0.86
COD_2106_Nanopore_7,None,,,,,,PANGO-v1.2.101,3.1.17,2021-11-25,v1.2.101,fail,N_content:0.98
COD_2109_7,None,,,,,,PANGO-v1.2.101,3.1.17,2021-11-25,v1.2.101,fail,N_content:0.86
COD_2113_7,None,,,,,,PANGO-v1.2.101,3.1.17,2021-11-25,v1.2.101,fail,N_content:0.69
COD_2114_7,None,,,,,,PANGO-v1.2.101,3.1.17,2021-11-25,v1.2.101,fail,N_content:0.66
COD_2115_6,None,,,,,,PANGO-v1.2.101,3.1.17,2021-11-25,v1.2.101,fail,N_content:0.43
COD_2120_sample7,None,,,,,,PANGO-v1.2.101,3.1.17,2021-11-25,v1.2.101,fail,N_content:0.31
COD_2122_7,None,,,,,,PANGO-v1.2.101,3.1.17,2021-11-25,v1.2.101,fail,N_content:0.81
COD_2123_7,None,,,,,,PANGO-v1.2.101,3.1.17,2021-11-25,v1.2.101,fail,N_content:0.92
COD_2125_7,None,,,,,,PANGO-v1.2.101,3.1.17,2021-11-25,v1.2.101,fail,N_content:0.81
COD_2129_7,None,,,,,,PANGO-v1.2.101,3.1.17,2021-11-25,v1.2.101,fail,N_content:0.9
COD_2131_7,None,,,,,,PANGO-v1.2.101,3.1.17,2021-11-25,v1.2.101,fail,seq_len:21257
